{"type":"FeatureCollection","features":[{"type":"Feature","properties":{"LGA":"Abeokuta South (Ake)","State":"Ogun","Country":"Nigeria","Region":"Egba"},"geometry":{"type":"MultiPolygon","coordinates":[[[[3.405639886856136,7.163768768310661],[3.404937982559318,7.163206100463924],[3.401824951171989,7.156116008758545],[3.397145032882634,7.152048110961971],[3.391792058944759,7.14914178848278],[3.386941909790096,7.14876317977911],[3.382303953170833,7.147229194641056],[3.373471975326652,7.143233776092529],[3.368633985519466,7.143544197082576],[3.363603115081901,7.141342163086051],[3.363059043884391,7.141102790832633],[3.354685068130493,7.136868000030518],[3.35304594039917,7.135511875152702],[3.344443082809505,7.131281852722225],[3.340029954910278,7.129510879516658],[3.333332061767578,7.128934860229606],[3.332871913910026,7.128942012786922],[3.330106973648185,7.129220008850098],[3.323862075805778,7.128173828125114],[3.316241025924683,7.127611160278377],[3.308150053024292,7.12659597396862],[3.302861928939876,7.126842975616512],[3.302853107452506,7.127145767211914],[3.305001974105835,7.131718158721924],[3.303117036819401,7.143503189087028],[3.305752038955745,7.149448871612549],[3.310029983520565,7.157211780548153],[3.314069032669181,7.164514064788875],[3.316890001297111,7.167694091796989],[3.320929050445613,7.174997806549129],[3.325154066085872,7.179535865783805],[3.330101966858024,7.185902118682861],[3.333370923996029,7.188382148742789],[3.336735010147208,7.193528175354004],[3.337393045425415,7.194534778594971],[3.338876962661743,7.20073223114025],[3.343125104904175,7.206651210784969],[3.344594955444336,7.211925029754752],[3.347686052322501,7.217631816864127],[3.350558042526188,7.224036216735897],[3.353393077850399,7.228521823883113],[3.353857994079647,7.228357791900635],[3.361342906951904,7.220396995544434],[3.366605043411255,7.217772960662785],[3.370274066925106,7.216557979583854],[3.374170064926261,7.214880943298397],[3.376923084259147,7.213912010192871],[3.38161492347723,7.204616069793758],[3.384068012237663,7.199273109436035],[3.385165929794312,7.19579982757574],[3.387192964553947,7.192770957946834],[3.388982057571468,7.189283847808952],[3.401895046234188,7.174777030944881],[3.405050039291382,7.170116901397762],[3.405663013458309,7.165266990661621],[3.405639886856136,7.163768768310661]]]]},"id":0},{"type":"Feature","properties":{"LGA":"Abeokuta North (Akomoje)","State":"Ogun","Country":"Nigeria","Region":"Egba"},"geometry":{"type":"MultiPolygon","coordinates":[[[[3.302861928939876,7.126842975616512],[3.300312042236328,7.126958847045955],[3.295228958129996,7.12635517120367],[3.290739059448356,7.119748115539664],[3.284353017807064,7.110179901123161],[3.283209085464421,7.106636047363395],[3.281683921813965,7.101929187774715],[3.276730060577336,7.095100879669303],[3.273624897003288,7.088700771331787],[3.265230894088802,7.083083152771053],[3.259198904037532,7.080882072448787],[3.248764991760254,7.077601909637508],[3.241120100021419,7.075657844543571],[3.232333898544312,7.074421882629395],[3.224991083145198,7.076851844787654],[3.216020107269287,7.07838582992548],[3.205786943435783,7.073259830474797],[3.199697017669621,7.06760311126709],[3.190516948699951,7.070522785186824],[3.184514045715446,7.070165157318172],[3.172343015670833,7.073596954345703],[3.169872045517025,7.077785968780574],[3.164833068847713,7.079945087432975],[3.155698060989437,7.085628986358699],[3.154373884201163,7.089338779449577],[3.142216920852775,7.093692779541072],[3.135967969894523,7.092415809631348],[3.121149063110352,7.088978767395076],[3.112346887588558,7.086824893951416],[3.109282016754264,7.086157798767147],[3.108918905258179,7.088726043701229],[3.111217021942139,7.102512836456299],[3.1118679046632,7.114253044128418],[3.113404035568351,7.123674869537354],[3.111124992370662,7.139609813690186],[3.105986118316707,7.149837017059326],[3.098222970962581,7.154808044433594],[3.088489055633545,7.166262149810848],[3.083851099014225,7.179014205932674],[3.081548929214591,7.193569183349609],[3.079195022583008,7.204897880554256],[3.072510004043579,7.219528198242244],[3.069185018539542,7.227880954742432],[3.063791990280208,7.236727237701359],[3.058849096298275,7.244876861572266],[3.054181098938045,7.255784988403377],[3.051314115524349,7.263897895813045],[3.051433086395377,7.271268844604492],[3.049937009811515,7.278668880462703],[3.048913955688533,7.286750793457031],[3.043816089630127,7.299510002136287],[3.041385889053402,7.306232929229736],[3.041454076766968,7.310379028320256],[3.034147977829036,7.315111160278377],[3.028193950653076,7.317745208740234],[3.021806001663208,7.322233200073299],[3.017766952514705,7.329214096069279],[3.014204978942985,7.337109088897705],[3.011610984802246,7.347982883453483],[3.008778095245361,7.358168125152588],[3.007390975952148,7.372245788574219],[3.004637002945003,7.38749980926508],[3.003226995468196,7.399967193603516],[3.000852108001766,7.410146236419791],[3.000730991363639,7.416831016540527],[3.000555038452148,7.418900012970028],[3.004662036895752,7.417455196380615],[3.012960910797233,7.417084217071647],[3.021254062652588,7.416483879089469],[3.030210971832275,7.414027214050236],[3.043786048889217,7.411723136901799],[3.068310022354183,7.401861190796012],[3.083286046981868,7.400684833526668],[3.094115972519035,7.400040149688778],[3.109735012054557,7.395860195159969],[3.121258020401001,7.395204067230168],[3.123250007629508,7.395500183105469],[3.12625694274908,7.389910221099854],[3.136697053909359,7.37865686416626],[3.145608901977539,7.372969150543327],[3.151773929595947,7.368710994720516],[3.159306049346924,7.363276004791317],[3.166399002075195,7.359234809875545],[3.167763948440552,7.358058929443416],[3.174823045730591,7.351939201355037],[3.183900117874259,7.347711086273137],[3.184146881103516,7.346901893615723],[3.187000036239681,7.337868213653621],[3.194427967071476,7.326451778411865],[3.196182966232413,7.32089281082159],[3.201139926910457,7.31366586685192],[3.207724094390983,7.307102203369141],[3.214097023010311,7.301692962646428],[3.214785099029598,7.301452159881705],[3.220900058746281,7.294436931610164],[3.231153964996452,7.286657810211182],[3.239604949951286,7.281445026397705],[3.246541976928654,7.282479763030949],[3.254601955413818,7.281652927398682],[3.264020919799862,7.279189109802303],[3.272943973541317,7.27466011047369],[3.280330896377563,7.274994850158691],[3.283111095428467,7.275640010833797],[3.297772884368896,7.269402027130184],[3.307615995407161,7.264625072479305],[3.315857887268066,7.260798931121826],[3.320240974426326,7.260725975036735],[3.327291965484733,7.254614830017204],[3.331847906112671,7.25108098983776],[3.338212013244629,7.245213985443115],[3.34292292594921,7.236837863922119],[3.351104974746818,7.229325771331787],[3.353393077850399,7.228521823883113],[3.350558042526188,7.224036216735897],[3.347686052322501,7.217631816864127],[3.344594955444336,7.211925029754752],[3.343125104904175,7.206651210784969],[3.338876962661743,7.20073223114025],[3.337393045425415,7.194534778594971],[3.336735010147208,7.193528175354004],[3.333370923996029,7.188382148742789],[3.330101966858024,7.185902118682861],[3.325154066085872,7.179535865783805],[3.320929050445613,7.174997806549129],[3.316890001297111,7.167694091796989],[3.314069032669181,7.164514064788875],[3.310029983520565,7.157211780548153],[3.305752038955745,7.149448871612549],[3.303117036819401,7.143503189087028],[3.305001974105835,7.131718158721924],[3.302853107452506,7.127145767211914],[3.302861928939876,7.126842975616512]]]]},"id":1},{"type":"Feature","properties":{"LGA":"Ado-Odo/Ota (Otta)","State":"Ogun","Country":"Nigeria","Region":"Yewa"},"geometry":{"type":"MultiPolygon","coordinates":[[[[3.082984924316406,6.521966934204102],[3.080435037613029,6.522796154022217],[3.075337886810246,6.521731853485107],[3.067251920700073,6.521406173706168],[3.063555002212638,6.521240234375057],[3.060786008834953,6.521287918090877],[3.056374073028564,6.519746780395565],[3.049907922744751,6.519626140594482],[3.046899080276546,6.519216060638541],[3.042510032653809,6.519061088562125],[3.038129091262817,6.519365787506047],[3.034415960312003,6.518274784088135],[3.026352882385254,6.519337177276668],[3.022202968597526,6.519638061523438],[3.01550197601324,6.519290924072379],[3.00788497924799,6.519421100616398],[3.000962972640991,6.519766807556096],[2.995655059814567,6.519858837127799],[2.991512060165462,6.520621776580924],[2.985258102416992,6.51934385299694],[2.985024929046574,6.519348144531364],[2.980633020401115,6.518962860107422],[2.975559949874992,6.519279956817741],[2.968677043914738,6.521934986114616],[2.963136911392269,6.522027969360408],[2.956443071365413,6.522144794464111],[2.955977916717643,6.521918773651237],[2.955749988555965,6.522153854370174],[2.951350927353019,6.521306037902832],[2.94832706451416,6.519975185394287],[2.944375038147029,6.518195152282829],[2.940449953079224,6.51826286315918],[2.934712886810416,6.520434856414852],[2.93033504486084,6.520973205566406],[2.926422119140682,6.521731853485107],[2.921143054962158,6.523666858673209],[2.915831089019832,6.523528099060172],[2.910757064819393,6.523845195770264],[2.906156063079777,6.524845123290959],[2.904306888580379,6.524877071380672],[2.90015697479248,6.525177955627441],[2.896454095840397,6.524549007415885],[2.892086982727164,6.525777816772518],[2.887022972106877,6.526786804199332],[2.883550882339534,6.526154041290397],[2.880300998687744,6.525054931640682],[2.879555940628052,6.521839141845703],[2.880655050277767,6.518359184265137],[2.881076097488346,6.516146183013916],[2.880287885666007,6.517014026641959],[2.878468990326041,6.518657207489014],[2.874871969223022,6.524477958679199],[2.872425079345817,6.530051231384391],[2.870665073394889,6.535381793975944],[2.868648052215633,6.539101123809928],[2.867094039917049,6.542813777923641],[2.865099906921444,6.547916889190731],[2.861761093139705,6.555346965789852],[2.858164072036686,6.561168193817082],[2.857728958129826,6.562788009643668],[2.857081890106315,6.56556415557867],[2.857117891311702,6.567869186401367],[2.858108997345084,6.572000980377311],[2.859586000442505,6.577734947204704],[2.86428809165966,6.583183765411491],[2.86781907081604,6.587502956390381],[2.874371051788387,6.593383789062614],[2.88341498374939,6.596226215362663],[2.891634941101131,6.605302810668945],[2.898381948471183,6.608874797821045],[2.906301975250301,6.613578796386832],[2.912425994873104,6.621310234069938],[2.91252589225769,6.627530097961426],[2.909111976623592,6.630352973937988],[2.907649040222225,6.639824867248535],[2.906333923339844,6.643993854522705],[2.905693054199332,6.645155906677303],[2.904540061950797,6.647251129150504],[2.905064105987606,6.651156902313346],[2.903100013732853,6.658103942871094],[2.901309967041016,6.661591053009147],[2.90023493766796,6.666217803955078],[2.897986888885612,6.669941902160701],[2.897768974304313,6.670637130737305],[2.898087978363037,6.676161766052189],[2.899545907974186,6.680745124816895],[2.900054931640625,6.683732986450195],[2.903120040893612,6.687829017639274],[2.91058611869812,6.693002223968563],[2.921750068664551,6.698572158813477],[2.931941986084098,6.701166152954215],[2.940738916397208,6.703090190887451],[2.945373058319092,6.704395771026725],[2.962316036224422,6.696503162384147],[2.971086025238151,6.696815013885612],[2.981859922409001,6.692484855651855],[2.99057507514965,6.689342021942082],[2.993619918823185,6.692286968231258],[2.993731975555477,6.699196815490779],[2.994494915008602,6.703560829162654],[2.997325897216854,6.707430839538631],[2.999696016311646,6.711308002471924],[3.001615047454891,6.715881824493465],[3.002615928649846,6.720705032348633],[3.007093906402588,6.726620197296143],[3.008771896362362,6.730510234832877],[3.009511947631836,6.733492851257324],[3.013015031814575,6.736198902130127],[3.021991014480705,6.748950004577637],[3.023287057876701,6.757912158966178],[3.025028944015503,6.765717983245963],[3.031738996505851,6.766987800598201],[3.042519092559871,6.763117790222225],[3.048757076263485,6.763702869415283],[3.061661005020142,6.762794017791805],[3.067677974701041,6.764074802398738],[3.069355964660645,6.766550064086971],[3.077152967453003,6.765066146850586],[3.085021972656364,6.766776084899902],[3.100966930389404,6.768348217010612],[3.108361005783138,6.769145965576286],[3.119395971298331,6.766884803772029],[3.129753112793026,6.765327930450553],[3.146522998809928,6.760894775390625],[3.159169912338257,6.758377075195426],[3.164956092834586,6.759659767150936],[3.181356906890983,6.760997772216797],[3.194318056106567,6.763772010803223],[3.20356011390686,6.764536857605094],[3.212117910385246,6.766005039215145],[3.223901987075863,6.76718807220459],[3.229469060897884,6.769168853759709],[3.23366999626171,6.772092819213867],[3.243943929672241,6.765464782714844],[3.249846935272274,6.759607791900692],[3.256592988967896,6.748890876770076],[3.26055908203125,6.737304210662785],[3.25998497009283,6.730401039123535],[3.266010999679622,6.717858791351432],[3.26590800285345,6.711406230926627],[3.265988111496029,6.70696401596075],[3.263485908508244,6.707005023956356],[3.258163928985596,6.706404209136963],[3.252841949462891,6.705572128295898],[3.25214505195629,6.705352783203239],[3.252394914627075,6.706501960754395],[3.251667976379338,6.705109119415283],[3.250251054763794,6.702384948730469],[3.248344898223934,6.698727130889893],[3.245965957641658,6.694386005401611],[3.244066953659171,6.691187858581543],[3.24121809005743,6.686392784118709],[3.238356113433895,6.680672168731803],[3.235979080200195,6.676330089569092],[3.232892990112362,6.671076774597282],[3.230501890182552,6.666041851043815],[3.231496095657292,6.65610504150402],[3.230268955230713,6.651511192321891],[3.230923891067448,6.649192810058651],[3.231782913208008,6.645256996154899],[3.231498003006095,6.641800880432186],[3.230746030807609,6.638123035431022],[3.230231046676693,6.634902954101619],[3.229948043823185,6.631678104400748],[3.228965997695923,6.628001213073674],[3.228013038635311,6.626173019409123],[3.22683691978466,6.624807834625244],[3.225656032562313,6.623215198516959],[3.222151041030997,6.620504856109733],[3.219342947006339,6.618247032165527],[3.216515064239616,6.614604949951229],[3.212318897247428,6.612135887145996],[3.209058046340942,6.610346794128475],[3.206028938293571,6.608552932739258],[3.20252799987793,6.606306076049918],[3.198791980743522,6.603833198547306],[3.197621107101554,6.602697849273738],[3.195291996002197,6.601354122161922],[3.194092988967952,6.598605155944938],[3.193129062652645,6.596084117889461],[3.192852973938045,6.59332180023199],[3.191873073577938,6.589878082275334],[3.191813945770377,6.58618783950817],[3.191076993942318,6.58343076705944],[3.190577983856258,6.581132888794002],[3.190273046493587,6.576521873474178],[3.189770936965942,6.573995113372746],[3.189733028411979,6.571688175201416],[3.189908027648926,6.56822586059576],[3.189369916915894,6.56338977813715],[3.190009117126522,6.560149192810172],[3.187859058380184,6.555570125579891],[3.186444044113159,6.549664974212703],[3.186372995376701,6.549368858337402],[3.185856103897208,6.545916080474854],[3.184163093566895,6.541100025177002],[3.182951927185115,6.537661075592155],[3.180808067321777,6.533545017242545],[3.180804967880363,6.533311843872127],[3.177290916442985,6.530144214630241],[3.173554897308406,6.527670860290584],[3.169817924499512,6.524965763092041],[3.169821977615413,6.525196075439567],[3.168888092041016,6.524518966674805],[3.165836095809993,6.521341800689697],[3.162846088409538,6.522085189819336],[3.158895969390983,6.520537853241024],[3.154953002929744,6.519451141357536],[3.149868011474666,6.519076824188232],[3.145478963852042,6.51891994476324],[3.141082048416251,6.518303871154785],[3.13438892364502,6.518417835235596],[3.129096031188965,6.519430160522518],[3.123569011688232,6.520446777343807],[3.117808103561515,6.521007061004696],[3.115241050720272,6.519436836242733],[3.115010976791496,6.51943922042858],[3.112011909484977,6.519492149353084],[3.107413053512687,6.520724773406926],[3.103513002395573,6.522173881530762],[3.097048997879028,6.52228403091442],[3.0928831100465,6.521660804748649],[3.087810039520321,6.521979808807373],[3.083420038223267,6.521824836730957],[3.082984924316406,6.521966934204102]]]]}},{"type":"Feature","properties":{"LGA":"Egbado North (Ayetoro)","State":"Ogun","Country":"Nigeria","Region":"Yewa"},"geometry":{"type":"MultiPolygon","coordinates":[[[[2.751308917999268,6.906813144683952],[2.751513957977352,6.912416934967155],[2.747874021530151,6.928290843963623],[2.72693395614624,6.930419921875114],[2.720041990280151,6.934806823730582],[2.719523906707877,6.936367988586483],[2.71821403503418,6.940331935882568],[2.720638990402222,6.986536979675407],[2.727287054061946,6.995457172393913],[2.72918605804449,6.998007774353084],[2.743266105651969,7.012450218200684],[2.752952098846492,7.019320011138916],[2.766551971435661,7.026408195495719],[2.77508997917181,7.033510208129883],[2.785454988479728,7.03646993637085],[2.792602062225399,7.041276931762809],[2.781820058822746,7.053722858428955],[2.767117023468018,7.065258026123047],[2.762978076934928,7.066648006439323],[2.758908033371085,7.070923805236873],[2.752876996994132,7.077252864837703],[2.74509406089777,7.092676162719727],[2.745110034942627,7.099114894867],[2.750653028488216,7.105764865875358],[2.767256021499747,7.116982936859131],[2.775346994400138,7.128221035003662],[2.784868955612183,7.159226894378776],[2.783793926239127,7.178180217743034],[2.783551931381339,7.182446956634521],[2.780992984771729,7.196750164031982],[2.774255037307739,7.234419822692985],[2.762089014053345,7.248244762420768],[2.756572008132935,7.25102090835577],[2.750602960586548,7.257472991943359],[2.749458074569816,7.261154174804801],[2.749335050582943,7.267855167388916],[2.749284982681274,7.27066278457653],[2.749218940734977,7.274205207824821],[2.748867988586539,7.293223857879639],[2.748857021331901,7.293791770935059],[2.750052928924561,7.311028957367057],[2.747441053390617,7.365962982177848],[2.74757790565485,7.417438983917236],[2.749599933624268,7.4173841476441],[2.757020950317326,7.417181968688965],[2.762782096862793,7.419232845306453],[2.785810947418327,7.418708801269474],[2.79572510719305,7.423275947570801],[2.799186944961548,7.426483154296989],[2.799190998077393,7.426600933075008],[2.806879043579158,7.426334857940788],[2.816557884216365,7.425710201263485],[2.824673891067505,7.428338050842285],[2.835531949996948,7.429306983947811],[2.846154928207454,7.430047035217285],[2.857474088668823,7.431008815765495],[2.869908094406242,7.429646015167236],[2.880975961685238,7.429228782653809],[2.900823116302433,7.429814815521183],[2.914474964141846,7.432346820831356],[2.928421020507926,7.438792228698844],[2.938824892044124,7.440230846405029],[2.954495906829891,7.439272880554256],[2.970829010009879,7.436462879180965],[2.987253904342651,7.425121784210262],[2.99571704864502,7.420602798461971],[3.000555038452148,7.418900012970028],[3.000730991363639,7.416831016540527],[3.000852108001766,7.410146236419791],[3.003226995468196,7.399967193603516],[3.004637002945003,7.38749980926508],[3.007390975952148,7.372245788574219],[3.008778095245361,7.358168125152588],[3.011610984802246,7.347982883453483],[3.014204978942985,7.337109088897705],[3.017766952514705,7.329214096069279],[3.021806001663208,7.322233200073299],[3.028193950653076,7.317745208740234],[3.034147977829036,7.315111160278377],[3.041454076766968,7.310379028320256],[3.041385889053402,7.306232929229736],[3.043816089630127,7.299510002136287],[3.048913955688533,7.286750793457031],[3.049937009811515,7.278668880462703],[3.051433086395377,7.271268844604492],[3.051314115524349,7.263897895813045],[3.054181098938045,7.255784988403377],[3.058849096298275,7.244876861572266],[3.063791990280208,7.236727237701359],[3.069185018539542,7.227880954742432],[3.072510004043579,7.219528198242244],[3.079195022583008,7.204897880554256],[3.081548929214591,7.193569183349609],[3.083851099014225,7.179014205932674],[3.088489055633545,7.166262149810848],[3.098222970962581,7.154808044433594],[3.105986118316707,7.149837017059326],[3.111124992370662,7.139609813690186],[3.113404035568351,7.123674869537354],[3.1118679046632,7.114253044128418],[3.111217021942139,7.102512836456299],[3.108918905258179,7.088726043701229],[3.109282016754264,7.086157798767147],[3.110161066055355,7.079948902130127],[3.113262891769466,7.072063922882137],[3.114675998687744,7.059597015380916],[3.111047983169669,7.049287796020621],[3.100712060928402,7.037712097168026],[3.085660934448299,7.034279823303223],[3.076103925704956,7.028222084045467],[3.06170201301569,7.022014141082764],[3.05436992645275,7.010848045349235],[3.054995059967155,7.006689071655217],[3.054589033126888,6.995864868164006],[3.049972057342643,6.981429100036678],[3.049422025680656,6.975906848907584],[3.04743504524231,6.952898979187069],[3.047416925430355,6.952754974365291],[3.043509960174674,6.952734947204533],[3.031563043594417,6.955701828003043],[3.021902084350586,6.957479953765926],[3.010219097137565,6.962516784667969],[2.998914003372249,6.962478160858211],[2.993516921997184,6.956808090210018],[2.985784053802547,6.949334144592399],[2.983645915985164,6.945453166961784],[2.978265047073478,6.940937995910701],[2.969852924346924,6.934166908264217],[2.967699050903377,6.929365158081112],[2.958762884140015,6.91891717910778],[2.951052904129142,6.912827014923096],[2.939260005950985,6.911181926727295],[2.926973104476929,6.907473087310905],[2.922064065933284,6.903409957885799],[2.904891014099178,6.897018909454346],[2.892039060592651,6.886868000030574],[2.887603998184261,6.883716106414795],[2.880214929580745,6.883151054382438],[2.873524904251099,6.883262157440186],[2.87352108955389,6.883031845092887],[2.87097096443182,6.882154941558895],[2.867983102798519,6.882897853851318],[2.859941959381104,6.884875774383545],[2.851416110992545,6.885481834411678],[2.841250896453971,6.884501934051514],[2.834059953689518,6.882088184356803],[2.823345899581966,6.875819206237793],[2.814281940460262,6.871594905853271],[2.806154012680167,6.868275165557804],[2.802146911621207,6.863043785095329],[2.797940015792904,6.859656810760555],[2.797753095626774,6.85962104797369],[2.787293910980225,6.857534885406551],[2.779668092727661,6.856741905212516],[2.769540071487484,6.858064174652213],[2.760123014450187,6.860529899597168],[2.750030994415283,6.864155769348258],[2.745803117752075,6.865159034729061],[2.750520944595394,6.885057926177979],[2.750869035720939,6.894717216491699],[2.751308917999268,6.906813144683952]]]]}},{"type":"Feature","properties":{"LGA":"Egbado South (Ilaro)","State":"Ogun","Country":"Nigeria","Region":"Yewa"},"geometry":{"type":"MultiPolygon","coordinates":[[[[2.905693054199332,6.645155906677303],[2.896225929260197,6.646698951721191],[2.885196924209652,6.649421215057373],[2.880577087402344,6.649037837982235],[2.870022058487052,6.652444839477539],[2.857698917388916,6.660717964172363],[2.851608991622925,6.669346809387264],[2.841610908508301,6.678732872009334],[2.840558052063045,6.684970855712947],[2.840881109237671,6.690724849700871],[2.833894014358634,6.700750827789363],[2.830115079879874,6.709571838378849],[2.819875001907462,6.71827077865612],[2.810810089111442,6.728332996368522],[2.811841011047363,6.734998226165771],[2.811506032943782,6.742837905883789],[2.807765960693473,6.753960132598877],[2.804743051529044,6.766914844512939],[2.806909084320068,6.772409915924129],[2.803639888763485,6.78421592712408],[2.805397987365836,6.792940139770621],[2.807137012481746,6.80074596405035],[2.807281970977783,6.809730052948112],[2.80517411232006,6.821976184845084],[2.802172899246216,6.836083889007625],[2.80025410652172,6.845792770385799],[2.800342082977352,6.851322174072379],[2.797683000564575,6.85804986953741],[2.797753095626774,6.85962104797369],[2.797940015792904,6.859656810760555],[2.802146911621207,6.863043785095329],[2.806154012680167,6.868275165557804],[2.814281940460262,6.871594905853271],[2.823345899581966,6.875819206237793],[2.834059953689518,6.882088184356803],[2.841250896453971,6.884501934051514],[2.851416110992545,6.885481834411678],[2.859941959381104,6.884875774383545],[2.867983102798519,6.882897853851318],[2.87097096443182,6.882154941558895],[2.87352108955389,6.883031845092887],[2.873524904251099,6.883262157440186],[2.880214929580745,6.883151054382438],[2.887603998184261,6.883716106414795],[2.892039060592651,6.886868000030574],[2.904891014099178,6.897018909454346],[2.922064065933284,6.903409957885799],[2.926973104476929,6.907473087310905],[2.939260005950985,6.911181926727295],[2.951052904129142,6.912827014923096],[2.958762884140015,6.91891717910778],[2.967699050903377,6.929365158081112],[2.969852924346924,6.934166908264217],[2.978265047073478,6.940937995910701],[2.983645915985164,6.945453166961784],[2.985784053802547,6.949334144592399],[2.993516921997184,6.956808090210018],[2.998914003372249,6.962478160858211],[3.010219097137565,6.962516784667969],[3.021902084350586,6.957479953765926],[3.031563043594417,6.955701828003043],[3.043509960174674,6.952734947204533],[3.047416925430355,6.952754974365291],[3.046901941299438,6.948530197143555],[3.048033952713126,6.947127819061279],[3.054169893264884,6.941493988037166],[3.061451911926383,6.935149192810172],[3.06669092178339,6.931145191192627],[3.072552919387874,6.922750949859676],[3.075501918792725,6.919703006744498],[3.07867002487194,6.915963172912541],[3.079458951950073,6.907656192779655],[3.074974060058594,6.901280879974479],[3.063855886459407,6.898472785949821],[3.05848598480236,6.894646167755241],[3.050504922866935,6.886026859283447],[3.048716068267936,6.883810997009334],[3.041325092315788,6.874660968780574],[3.038881063461304,6.866176128387451],[3.040143966674918,6.858781814575195],[3.041238069534245,6.855075836181697],[3.043648958206234,6.847201824188289],[3.048605918884277,6.839974880218449],[3.051872014999446,6.827936172485352],[3.056565046310538,6.818642139434814],[3.06375098228466,6.806537151336727],[3.067327022552433,6.799335002899284],[3.071124076843375,6.791666030883789],[3.073808908462581,6.786551952362061],[3.074342012405452,6.776635169982967],[3.071224927902222,6.76931190490717],[3.069355964660645,6.766550064086971],[3.067677974701041,6.764074802398738],[3.061661005020142,6.762794017791805],[3.048757076263485,6.763702869415283],[3.042519092559871,6.763117790222225],[3.031738996505851,6.766987800598201],[3.025028944015503,6.765717983245963],[3.023287057876701,6.757912158966178],[3.021991014480705,6.748950004577637],[3.013015031814575,6.736198902130127],[3.009511947631836,6.733492851257324],[3.008771896362362,6.730510234832877],[3.007093906402588,6.726620197296143],[3.002615928649846,6.720705032348633],[3.001615047454891,6.715881824493465],[2.999696016311646,6.711308002471924],[2.997325897216854,6.707430839538631],[2.994494915008602,6.703560829162654],[2.993731975555477,6.699196815490779],[2.993619918823185,6.692286968231258],[2.99057507514965,6.689342021942082],[2.981859922409001,6.692484855651855],[2.971086025238151,6.696815013885612],[2.962316036224422,6.696503162384147],[2.945373058319092,6.704395771026725],[2.940738916397208,6.703090190887451],[2.931941986084098,6.701166152954215],[2.921750068664551,6.698572158813477],[2.91058611869812,6.693002223968563],[2.903120040893612,6.687829017639274],[2.900054931640625,6.683732986450195],[2.899545907974186,6.680745124816895],[2.898087978363037,6.676161766052189],[2.897768974304313,6.670637130737305],[2.897986888885612,6.669941902160701],[2.90023493766796,6.666217803955078],[2.901309967041016,6.661591053009147],[2.903100013732853,6.658103942871094],[2.905064105987606,6.651156902313346],[2.904540061950797,6.647251129150504],[2.905693054199332,6.645155906677303]]]]}},{"type":"Feature","properties":{"LGA":"Ewekoro (Itori)","State":"Ogun","Country":"Nigeria","Region":"Egba"},"geometry":{"type":"MultiPolygon","coordinates":[[[[3.283209085464421,7.106636047363395],[3.283373117446899,7.106507778167781],[3.287683010101432,7.102058887481689],[3.288070917129517,7.097442150115967],[3.28800010681158,7.093066215515137],[3.28738188743597,7.0833997726441],[3.286838054656982,7.07833814620966],[3.286711931228638,7.070507049560661],[3.284554004669246,7.065474987030086],[3.282612085342407,7.059516906738395],[3.282294988632259,7.054222106933537],[3.280112028121948,7.047576904296875],[3.278388977050895,7.040924072265625],[3.277549982070923,7.031721115112305],[3.277246952056998,7.027348995208854],[3.275774955749569,7.021842956542969],[3.274234056472778,7.012193202972526],[3.271580934524536,7.005093097686768],[3.270086050033683,6.998206138610897],[3.268999099731445,6.988087177276611],[3.270308971405143,6.983455181121769],[3.270533084869498,6.982989788055477],[3.272217035293579,6.973055839538574],[3.273665904998836,6.962893009185791],[3.277862071991024,6.951301097869987],[3.283910989761409,6.940139770507926],[3.287662982940674,6.929704189300594],[3.290508985519523,6.920211791992244],[3.2952659130097,6.914827823638916],[3.299781084060783,6.908762931823674],[3.305423974990958,6.901064872741756],[3.308820009231624,6.897087097167969],[3.30972695350647,6.896151065826473],[3.314214944839534,6.888241767883301],[3.318270921707153,6.882411956787223],[3.323472023010197,6.875873088836613],[3.329138040542716,6.869785785675163],[3.333697080612239,6.866252899169865],[3.338025093078727,6.862953186035156],[3.341424942016545,6.859208106994686],[3.344151020050106,6.856627941131649],[3.349600076675415,6.851237773895377],[3.35207295417797,6.847277164459229],[3.36074805259716,6.841599941253719],[3.362776041030884,6.838571071624813],[3.36670994758606,6.835799217224235],[3.361545085907096,6.833753108978385],[3.355057001113948,6.832017898559684],[3.34835410118103,6.831209182739315],[3.341886043548641,6.830629825592155],[3.333787918090934,6.829153060913086],[3.327789068221989,6.829022884368896],[3.319247007370109,6.828709125518856],[3.31251692771923,6.826057910919189],[3.300719976425171,6.824182033538818],[3.294295072555599,6.826365947723446],[3.29292988777172,6.827541828155574],[3.287482976913566,6.832933902740422],[3.282233953475952,6.836478233337459],[3.275613069534415,6.840737819671574],[3.269438982009945,6.844068050384465],[3.260504007339591,6.847906112670955],[3.25197792053217,6.848512172699088],[3.243463039398307,6.849806785583553],[3.238637924194393,6.851041793823185],[3.223212957382316,6.85291576385498],[3.218837022781486,6.853450775146598],[3.200632095337028,6.854448795318717],[3.190483093261832,6.854622840881404],[3.176192045211792,6.855325222015438],[3.167223930358944,6.857090950012321],[3.155016899108944,6.858219146728629],[3.144453048706168,6.861161231994686],[3.135226964950675,6.861319065093994],[3.127640008926392,6.862830162048397],[3.122153997421378,6.865918159484863],[3.118511915206909,6.868974208831787],[3.11351203918457,6.873666763305664],[3.110120058059749,6.87787389755249],[3.103482961654663,6.881210803985596],[3.093858957290763,6.885059833526554],[3.083731889724675,6.886614799499625],[3.075915098190308,6.888130187988281],[3.067605018615779,6.887808799743709],[3.062505006790104,6.886283874511776],[3.05602502822876,6.885009765625114],[3.048716068267936,6.883810997009334],[3.050504922866935,6.886026859283447],[3.05848598480236,6.894646167755241],[3.063855886459407,6.898472785949821],[3.074974060058594,6.901280879974479],[3.079458951950073,6.907656192779655],[3.07867002487194,6.915963172912541],[3.075501918792725,6.919703006744498],[3.072552919387874,6.922750949859676],[3.06669092178339,6.931145191192627],[3.061451911926383,6.935149192810172],[3.054169893264884,6.941493988037166],[3.048033952713126,6.947127819061279],[3.046901941299438,6.948530197143555],[3.047416925430355,6.952754974365291],[3.04743504524231,6.952898979187069],[3.049422025680656,6.975906848907584],[3.049972057342643,6.981429100036678],[3.054589033126888,6.995864868164006],[3.054995059967155,7.006689071655217],[3.05436992645275,7.010848045349235],[3.06170201301569,7.022014141082764],[3.076103925704956,7.028222084045467],[3.085660934448299,7.034279823303223],[3.100712060928402,7.037712097168026],[3.111047983169669,7.049287796020621],[3.114675998687744,7.059597015380916],[3.113262891769466,7.072063922882137],[3.110161066055355,7.079948902130127],[3.109282016754264,7.086157798767147],[3.112346887588558,7.086824893951416],[3.121149063110352,7.088978767395076],[3.135967969894523,7.092415809631348],[3.142216920852775,7.093692779541072],[3.154373884201163,7.089338779449577],[3.155698060989437,7.085628986358699],[3.164833068847713,7.079945087432975],[3.169872045517025,7.077785968780574],[3.172343015670833,7.073596954345703],[3.184514045715446,7.070165157318172],[3.190516948699951,7.070522785186824],[3.199697017669621,7.06760311126709],[3.205786943435783,7.073259830474797],[3.216020107269287,7.07838582992548],[3.224991083145198,7.076851844787654],[3.232333898544312,7.074421882629395],[3.241120100021419,7.075657844543571],[3.248764991760254,7.077601909637508],[3.259198904037532,7.080882072448787],[3.265230894088802,7.083083152771053],[3.273624897003288,7.088700771331787],[3.276730060577336,7.095100879669303],[3.281683921813965,7.101929187774715],[3.283209085464421,7.106636047363395]]]]}},{"type":"Feature","properties":{"LGA":"Ifo","State":"Ogun","Country":"Nigeria","Region":"Egba"},"geometry":{"type":"MultiPolygon","coordinates":[[[[3.432080030441284,6.648498058319149],[3.371443986892757,6.644030094146785],[3.369816064834595,6.643366813659725],[3.369837045669613,6.644517898559684],[3.369064092636165,6.644725799560604],[3.368916034698486,6.644763946533317],[3.368263959884644,6.647315025329704],[3.368057012557983,6.648700237274284],[3.366240024566594,6.650578022003231],[3.363302946090698,6.654551029205436],[3.361964941024894,6.657573223114071],[3.361994028091488,6.659417152404899],[3.358566999435425,6.661551952362174],[3.356797933578605,6.666425228118953],[3.354527950286979,6.668773174285889],[3.353823900222835,6.669194221496696],[3.350182056427059,6.671384811401367],[3.345607042312679,6.673998832702637],[3.33920788764965,6.678030967712516],[3.337383985519523,6.679446220398063],[3.329591989517269,6.683040142059269],[3.324538946151677,6.684740066528377],[3.317883968353328,6.687160968780574],[3.310794115066471,6.691433906555176],[3.304820060730094,6.693150043487663],[3.299773931503296,6.695312976837272],[3.293591022491512,6.698417186737061],[3.288763046264705,6.69965314865118],[3.282345056533927,6.702530860900822],[3.2770578861236,6.704006195068359],[3.273154020309562,6.705227851867733],[3.267870903015137,6.706930160522518],[3.265988111496029,6.70696401596075],[3.26590800285345,6.711406230926627],[3.266010999679622,6.717858791351432],[3.25998497009283,6.730401039123535],[3.26055908203125,6.737304210662785],[3.256592988967896,6.748890876770076],[3.249846935272274,6.759607791900692],[3.243943929672241,6.765464782714844],[3.23366999626171,6.772092819213867],[3.229469060897884,6.769168853759709],[3.223901987075863,6.76718807220459],[3.212117910385246,6.766005039215145],[3.20356011390686,6.764536857605094],[3.194318056106567,6.763772010803223],[3.181356906890983,6.760997772216797],[3.164956092834586,6.759659767150936],[3.159169912338257,6.758377075195426],[3.146522998809928,6.760894775390625],[3.129753112793026,6.765327930450553],[3.119395971298331,6.766884803772029],[3.108361005783138,6.769145965576286],[3.100966930389404,6.768348217010612],[3.085021972656364,6.766776084899902],[3.077152967453003,6.765066146850586],[3.069355964660645,6.766550064086971],[3.071224927902222,6.76931190490717],[3.074342012405452,6.776635169982967],[3.073808908462581,6.786551952362061],[3.071124076843375,6.791666030883789],[3.067327022552433,6.799335002899284],[3.06375098228466,6.806537151336727],[3.056565046310538,6.818642139434814],[3.051872014999446,6.827936172485352],[3.048605918884277,6.839974880218449],[3.043648958206234,6.847201824188289],[3.041238069534245,6.855075836181697],[3.040143966674918,6.858781814575195],[3.038881063461304,6.866176128387451],[3.041325092315788,6.874660968780574],[3.048716068267936,6.883810997009334],[3.05602502822876,6.885009765625114],[3.062505006790104,6.886283874511776],[3.067605018615779,6.887808799743709],[3.075915098190308,6.888130187988281],[3.083731889724675,6.886614799499625],[3.093858957290763,6.885059833526554],[3.103482961654663,6.881210803985596],[3.110120058059749,6.87787389755249],[3.11351203918457,6.873666763305664],[3.118511915206909,6.868974208831787],[3.122153997421378,6.865918159484863],[3.127640008926392,6.862830162048397],[3.135226964950675,6.861319065093994],[3.144453048706168,6.861161231994686],[3.155016899108944,6.858219146728629],[3.167223930358944,6.857090950012321],[3.176192045211792,6.855325222015438],[3.190483093261832,6.854622840881404],[3.200632095337028,6.854448795318717],[3.218837022781486,6.853450775146598],[3.223212957382316,6.85291576385498],[3.238637924194393,6.851041793823185],[3.243463039398307,6.849806785583553],[3.25197792053217,6.848512172699088],[3.260504007339591,6.847906112670955],[3.269438982009945,6.844068050384465],[3.275613069534415,6.840737819671574],[3.282233953475952,6.836478233337459],[3.287482976913566,6.832933902740422],[3.29292988777172,6.827541828155574],[3.294295072555599,6.826365947723446],[3.300719976425171,6.824182033538818],[3.31251692771923,6.826057910919189],[3.319247007370109,6.828709125518856],[3.327789068221989,6.829022884368896],[3.333787918090934,6.829153060913086],[3.341886043548641,6.830629825592155],[3.34835410118103,6.831209182739315],[3.355057001113948,6.832017898559684],[3.361545085907096,6.833753108978385],[3.36670994758606,6.835799217224235],[3.36847901344305,6.834557056427116],[3.372792959213257,6.830336093902702],[3.375737905502376,6.827058792114371],[3.375735044479313,6.826828956604061],[3.377037048339957,6.821739196777344],[3.378122091293392,6.817573070526237],[3.379004001617545,6.815022945404166],[3.380338907241821,6.812005043029899],[3.381165981292838,6.806000232696476],[3.379468917846793,6.80095815658575],[3.37891697883606,6.795437812805233],[3.379750967025871,6.789895057678166],[3.379221916198674,6.785756111145133],[3.377768039703426,6.781403064727783],[3.37701606750494,6.777729034423942],[3.37529110908514,6.770845890045223],[3.374525070190373,6.766249179840202],[3.373044013977108,6.760284900665283],[3.37230300903326,6.757300853729362],[3.371562004089469,6.754318237304744],[3.370090007782039,6.748814105987663],[3.369584083557243,6.746057987213192],[3.368549108505249,6.739161968231201],[3.368426084518546,6.7315611839295],[3.368165969848633,6.729721069335994],[3.369486093521232,6.725782871246452],[3.370333909988403,6.721158981323185],[3.37324595451355,6.71580982208252],[3.376624107360954,6.710683822631836],[3.379354953765983,6.708333969116325],[3.383239984512329,6.706193923950195],[3.387301921844596,6.700595855712947],[3.387737035751456,6.698974132537785],[3.389991044998283,6.695710182189941],[3.393187046051025,6.693583011627254],[3.395932912826595,6.692153930664176],[3.398447036743278,6.690728187561035],[3.402584075927791,6.689735889434871],[3.405345916748161,6.689457893371696],[3.40972900390625,6.689384937286434],[3.413429975509757,6.69001388549799],[3.414829015731925,6.690911769867],[3.417778968811092,6.691105842590389],[3.415865898132324,6.68375110626215],[3.417404890060538,6.679114818573112],[3.418468952178955,6.673567771911678],[3.420476913452262,6.669387817382812],[3.421588897705021,6.66683483123785],[3.42588305473339,6.661231040954704],[3.429734945297241,6.657019138336182],[3.43317008018488,6.65534877777111],[3.435455083847103,6.654157161712646],[3.440932035446167,6.65013408660883],[3.437551975250358,6.648900985717773],[3.432080030441284,6.648498058319149]]]]}},{"type":"Feature","properties":{"LGA":"Ijebu North East (Attan)","State":"Ogun","Country":"Nigeria","Region":"Ijebu"},"geometry":{"type":"MultiPolygon","coordinates":[[[[4.079655170440731,6.941674232483024],[4.079788208007869,6.941173076629639],[4.08496999740612,6.933481216430778],[4.088590145111084,6.929042816162109],[4.093777179718074,6.92181205749506],[4.091639041900748,6.917930126190129],[4.088116168975773,6.914072036743278],[4.083865165710506,6.907921791076774],[4.079380035400504,6.901547908782959],[4.072132110595817,6.895678997039909],[4.067876815795898,6.889301776885986],[4.062218189239616,6.881792068481559],[4.056746006011963,6.871516227722282],[4.055006980896053,6.863711833953857],[4.058139801025447,6.857898235321159],[4.059175014495906,6.850505828857479],[4.060488224029598,6.846105098724422],[4.059246063232422,6.840597152709961],[4.058046817779598,6.837852954864445],[4.055465221405086,6.835131168365535],[4.052010059356689,6.835421085357609],[4.047895908355827,6.837792873382625],[4.044724941253776,6.841534137725944],[4.039972782135123,6.847145080566406],[4.034025192260856,6.850242137908936],[4.029220104217643,6.85262584686285],[4.02646017074585,6.853134155273551],[4.023229122161922,6.852959156036377],[4.011941909790096,6.854071140289307],[4.001151084899902,6.857250213623161],[3.994875907898063,6.854360103607291],[3.987442016601562,6.851030826568717],[3.98576903343195,6.847602844238395],[3.982693910598812,6.842816829681453],[3.97593188285839,6.838322162628117],[3.975343942642212,6.837195873260612],[3.96856594085699,6.839367866516227],[3.965116977691764,6.84011793136591],[3.956202030181942,6.845108985900936],[3.952085018158016,6.847251892089957],[3.943171977996826,6.852472782135067],[3.938186883926505,6.858087062835637],[3.936367988586539,6.859729766845817],[3.932960987091008,6.863014221191463],[3.933490037918205,6.867153167724723],[3.928999900817985,6.874832153320369],[3.927968025207633,6.882223129272518],[3.928287029266357,6.887747764587402],[3.930640935897941,6.890700817108154],[3.930294990539494,6.89157676696783],[3.941354990005493,6.896973133087101],[3.965761899948177,6.908539772033691],[3.989635944366512,6.915510177612248],[3.998298883438224,6.923427104949951],[4.018211841583195,6.92793083190918],[4.029200077056885,6.936961174011344],[4.031271934509277,6.936694145202694],[4.0423460006715,6.936738014221305],[4.050953865051326,6.941199779510441],[4.067988872528133,6.939068794250545],[4.079655170440731,6.941674232483024]]]]}},{"type":"Feature","properties":{"LGA":"Ijebu East (Ogbẹrẹ)","State":"Ogun","Country":"Nigeria","Region":"Ijebu"},"geometry":{"type":"MultiPolygon","coordinates":[[[[4.537424087524471,6.855672836303711],[4.531866073608512,6.84687614440918],[4.520800113678092,6.833452224731445],[4.508670806884822,6.825813770294303],[4.506813049316406,6.824190139770621],[4.493917942047119,6.812917232513485],[4.474637031555289,6.805633068084717],[4.460651874542236,6.797334194183406],[4.443301200866813,6.780789852142334],[4.429222106933651,6.766725063323918],[4.414031982421989,6.755451202392578],[4.402080059051514,6.744350910186768],[4.396820068359432,6.733136177063102],[4.383873939514217,6.717899799346981],[4.376994132995605,6.706251144409293],[4.363259792327995,6.685029983520508],[4.357758045196533,6.673128128051871],[4.353930950164909,6.664886951446533],[4.35511589050293,6.652409076690674],[4.35575008392334,6.634403228759822],[4.352340221405143,6.623387813568058],[4.353137969970646,6.618168830871582],[4.347633838653564,6.61451101303112],[4.340684890747013,6.61278581619257],[4.334474086761418,6.613811016082707],[4.332168102264404,6.613852024078483],[4.327118873596135,6.615548133850211],[4.324820041656608,6.616049766540641],[4.316298007965088,6.616886138916072],[4.310558795928955,6.618595123291072],[4.304355144500846,6.620083808898926],[4.298808097839355,6.619485855102596],[4.2906689643861,6.615475177764949],[4.282723903656063,6.60915994644165],[4.275957107544002,6.604434967041016],[4.266146183013973,6.596765995025748],[4.262063980102653,6.586928844451961],[4.256237983703727,6.583339214324951],[4.250679969787598,6.581820964813232],[4.243309020996207,6.582636833190918],[4.23639822006237,6.583216190338248],[4.226480007171745,6.583151817321777],[4.221068859100399,6.576790809631461],[4.211307048797551,6.5747971534729],[4.209599971771354,6.576913833618164],[4.208702087402344,6.578311920166016],[4.20530891418457,6.582754135131893],[4.202804088592643,6.584873199463004],[4.201899051666373,6.586041927337646],[4.199831962585506,6.586769104003906],[4.196835041046086,6.587051868438721],[4.193140029907283,6.586883068084717],[4.186669826507568,6.586532115936336],[4.178584098815861,6.586208820343018],[4.172342777252311,6.585853099823112],[4.160528182983512,6.583286762237663],[4.150784969329891,6.580453872680778],[4.146152019500789,6.579378128051758],[4.139400959015006,6.57603216171276],[4.13546180725092,6.575178146362362],[4.131042957305965,6.573178768158073],[4.127046108245906,6.568630218505916],[4.121908187866268,6.56502723693859],[4.120738983154354,6.564124107360897],[4.113965988159293,6.559165000915584],[4.110681056976375,6.555990219116211],[4.107625007629508,6.552581787109489],[4.097837924957389,6.546979904174918],[4.09410285949707,6.544507026672306],[4.089717864990348,6.544582843780631],[4.08763694763195,6.544388771057243],[4.086028099060059,6.544874191284293],[4.084433078765926,6.546057224273738],[4.083746910095215,6.546528816223201],[4.081953048705998,6.549789905548209],[4.081068992614746,6.552342891693172],[4.079484939575252,6.554216861724967],[4.077446937560978,6.556787014007568],[4.076303005218563,6.557498931884766],[4.074243068695125,6.558457851409912],[4.07056903839117,6.559672832489014],[4.067120075225944,6.560655117034969],[4.064362049102897,6.561394214630184],[4.061826229095402,6.561668872833195],[4.058833122253418,6.562180042266959],[4.057940006256047,6.564042091369743],[4.057753086090145,6.566812992096061],[4.05779409408575,6.569349765777645],[4.058544158935604,6.572797775268555],[4.059033870697078,6.574635028839168],[4.058424949646053,6.579949855804557],[4.058242797851619,6.582953929901237],[4.058057785034293,6.585725784301815],[4.056021213531551,6.588295936584473],[4.05491495132452,6.591316223144474],[4.052616119384822,6.591814994812012],[4.05056190490734,6.593465805053768],[4.049697875976619,6.597170829772949],[4.048099040985107,6.598122119903564],[4.047704219818058,6.602281093597526],[4.046372890472469,6.605763912200985],[4.04804801940918,6.609426021576041],[4.047871112823429,6.612659931182975],[4.048863887786865,6.617026805877742],[4.05008411407465,6.620926856994629],[4.052455902099666,6.62503814697277],[4.055045127868766,6.627994060516414],[4.058320045471305,6.630706787109432],[4.060473918914795,6.635516166687069],[4.061408996581974,6.636189937591553],[4.061406135559139,6.635960102081242],[4.063523769378719,6.638463020324764],[4.065857887268066,6.640037059783879],[4.072813034057617,6.641765117645321],[4.074896812439079,6.642190933227596],[4.079111099243221,6.645808219909668],[4.081230163574332,6.64831113815319],[4.083578109741268,6.650808811187801],[4.084998130798454,6.652862071990967],[4.087131023407096,6.656284809112606],[4.089262008666992,6.659708976745605],[4.092327117919979,6.663578987121582],[4.094236850738639,6.667469024658317],[4.091807842254696,6.674429893493766],[4.089319229125977,6.677472114562988],[4.085464954376278,6.681921005249023],[4.079721927642822,6.683632850647086],[4.074656963348446,6.684641838073844],[4.068204879760856,6.685444831848258],[4.062806129455566,6.685496807098502],[4.062990188598633,6.687074184417781],[4.058453083038387,6.691761970519963],[4.055490016937256,6.694114208221492],[4.054094791412467,6.693447113037053],[4.048161983490047,6.697464942932186],[4.047953128814754,6.698619842529297],[4.048181056976262,6.698617935180664],[4.047121047973746,6.704395771026725],[4.045131206512565,6.709729194641113],[4.044939994812012,6.712035179138184],[4.044346809387321,6.718266010284481],[4.040526866912842,6.724552154541016],[4.039890766143799,6.728021144866943],[4.038064002990779,6.729204177856559],[4.036694049835262,6.729917049408016],[4.028645992279053,6.731667995452881],[4.022883892059326,6.731996059417838],[4.016662120819035,6.732330799102897],[4.013668060302734,6.732611179351863],[4.007439136505184,6.732488155364933],[4.001893997192496,6.732120990753174],[3.991343975067252,6.735756874084473],[3.988346099853572,6.736036777496395],[3.985589027404842,6.736545085907039],[3.988631010055656,6.739256858825797],[3.992583036422786,6.741264820098934],[3.995162963867301,6.74375581741333],[3.998671054840202,6.746692180633659],[4.001467227935905,6.748487949371452],[4.003361225128231,6.751451015472526],[4.003645896911621,6.754903793335075],[4.003231048584041,6.757675170898438],[4.005592823028678,6.761088848114014],[4.003355026245231,6.765275955200309],[3.997354030609188,6.765148162841911],[3.994333982467651,6.763816833496151],[3.98901891708374,6.763213157653865],[3.982322931289673,6.762866973877067],[3.976308107376212,6.76181793212902],[3.968475103378296,6.762411117553711],[3.965014934539909,6.762469768524227],[3.959745883941764,6.764633178711051],[3.958141088485775,6.765350818634147],[3.954741001129207,6.769095897674617],[3.953197956085262,6.773499011993465],[3.953763008117619,6.779942035675163],[3.955490112304801,6.786825180053711],[3.955802917480469,6.791886806488151],[3.958893060684204,6.797595977783146],[3.961935997009334,6.800309181213436],[3.967538118362484,6.804362773895264],[3.971980094909782,6.807975769043082],[3.975722074508667,6.811137199401855],[3.977128982544059,6.812495231628418],[3.980895996093864,6.817269802093449],[3.982774019241333,6.819312095642147],[3.984219074249268,6.822975158691463],[3.985397100448722,6.824567794799805],[3.985898971557674,6.827093124389705],[3.982522964477539,6.832219123840389],[3.982331991195736,6.834757804870549],[3.978434085845947,6.836206912994385],[3.975343942642212,6.837195873260612],[3.97593188285839,6.838322162628117],[3.982693910598812,6.842816829681453],[3.98576903343195,6.847602844238395],[3.987442016601562,6.851030826568717],[3.994875907898063,6.854360103607291],[4.001151084899902,6.857250213623161],[4.011941909790096,6.854071140289307],[4.023229122161922,6.852959156036377],[4.02646017074585,6.853134155273551],[4.029220104217643,6.85262584686285],[4.034025192260856,6.850242137908936],[4.039972782135123,6.847145080566406],[4.044724941253776,6.841534137725944],[4.047895908355827,6.837792873382625],[4.052010059356689,6.835421085357609],[4.055465221405086,6.835131168365535],[4.058046817779598,6.837852954864445],[4.059246063232422,6.840597152709961],[4.060488224029598,6.846105098724422],[4.059175014495906,6.850505828857479],[4.058139801025447,6.857898235321159],[4.055006980896053,6.863711833953857],[4.056746006011963,6.871516227722282],[4.062218189239616,6.881792068481559],[4.067876815795898,6.889301776885986],[4.072132110595817,6.895678997039909],[4.079380035400504,6.901547908782959],[4.083865165710506,6.907921791076774],[4.088116168975773,6.914072036743278],[4.091639041900748,6.917930126190129],[4.093777179718074,6.92181205749506],[4.088590145111084,6.929042816162109],[4.08496999740612,6.933481216430778],[4.079788208007869,6.941173076629639],[4.079655170440731,6.941674232483024],[4.081417083740291,6.94206619262701],[4.090885162353516,6.942599773407096],[4.10172700881958,6.942645072937069],[4.112360954284782,6.944076061248779],[4.124019145965576,6.95171403884882],[4.135476112365723,6.961196899414062],[4.146185874939022,6.967236995697135],[4.151316165924129,6.970605850219727],[4.161904811859131,6.983561992645321],[4.16894102096569,6.990583896636906],[4.174609184265137,6.998785018920955],[4.179080009460506,7.004239082336426],[4.183857917785701,7.014294147491512],[4.189242839813232,7.019274234771842],[4.196805000305176,7.030436992645264],[4.198475837707463,7.033864974975643],[4.201128959655762,7.040962219238338],[4.202630996704102,7.04830980300909],[4.203691005706787,7.056818008422852],[4.203763961792049,7.057577133178825],[4.208823204040471,7.059088230133057],[4.223311901092586,7.069913864135799],[4.232391834259147,7.074604988098145],[4.248218059539852,7.082410812377873],[4.255230903625545,7.087828159332389],[4.270981788635311,7.091019153594971],[4.298217773437557,7.090554237365723],[4.325778961181697,7.08154916763317],[4.332908153533879,7.065508842468375],[4.343391895294303,7.042722225189266],[4.347208023071289,7.035968780517692],[4.35325384140026,7.024329185485897],[4.35712718963623,7.006730079650993],[4.357730865478516,7.001182079315242],[4.360814094543457,6.991903781890983],[4.361098766327018,6.990914821624813],[4.364093780517635,6.980543136596793],[4.373797893524284,6.9667649269104],[4.380091190338078,6.970349788665771],[4.387143135070801,6.978072166442985],[4.401813983917293,6.98589897155756],[4.407228946685791,6.992496967315674],[4.423255920410156,6.998449802398682],[4.441040039062557,6.998838901519775],[4.450572967529411,6.988757133483944],[4.459559917450008,6.987680912017822],[4.467915058135986,6.990305900573787],[4.472793102264461,6.992067813873291],[4.477939128875846,6.99636697769165],[4.493740081787109,7.002553939819336],[4.506813049316406,7.003796577453556],[4.516398906707821,7.004707813263053],[4.528796195983887,7.000343799591178],[4.545989036560172,7.006970882415771],[4.560990810394344,7.00671577453619],[4.566033840179387,7.004552841186637],[4.562395095825252,6.993539810180721],[4.561092853546256,6.988341808319092],[4.558200836181641,6.976772785186881],[4.559691905975285,6.954598903655949],[4.555621147155875,6.945672035217399],[4.552647113800106,6.933033943176213],[4.550765991210994,6.930990219116211],[4.551322937011776,6.922444820404166],[4.549105167388916,6.899412155151424],[4.541574954986629,6.876239776611328],[4.53849983215332,6.85737419128418],[4.537424087524471,6.855672836303711]]]]}},{"type":"Feature","properties":{"LGA":"Ijebu North (Ijebu Igbo)","State":"Ogun","Country":"Nigeria","Region":"Ijebu"},"geometry":{"type":"MultiPolygon","coordinates":[[[[3.930294990539494,6.89157676696783],[3.92903208732605,6.89096117019659],[3.915198087692374,6.891426086425838],[3.905287981033325,6.892255783081055],[3.901375055313224,6.892581939697209],[3.892417907714787,6.895036220550651],[3.878309965133724,6.892741203308049],[3.865134000778255,6.891120910644645],[3.853624105453548,6.892697811126823],[3.83676099777233,6.891140937805176],[3.819072961807365,6.89581823348999],[3.807102918624935,6.897404193878288],[3.795809984207267,6.898056030273438],[3.786150932312069,6.8998317718507],[3.778135061264095,6.903422832489071],[3.768354892730713,6.912116050720215],[3.758790016174316,6.919651031494254],[3.751686096191406,6.922535896301383],[3.744784116745109,6.923806190490723],[3.743560075759945,6.924373149871826],[3.747697114944572,6.932742118835563],[3.750355005264339,6.940070152282772],[3.754395008087272,6.947607040405273],[3.758938074111995,6.957437038421745],[3.765302896499691,6.965854167938346],[3.767819881439266,6.978716850280875],[3.773941040039176,6.98644590377819],[3.777055025100822,6.993535995483398],[3.777914047241325,7.003890037536621],[3.780626058578605,7.014675140380859],[3.783261060714779,7.020620822906551],[3.783602952957267,7.027526855468693],[3.783298969268913,7.03721094131464],[3.781569957733211,7.044381141662598],[3.782059907913151,7.049129009246826],[3.785929918289185,7.049223899841422],[3.813400030136052,7.048989772796745],[3.830979108810425,7.050994873046875],[3.831208944320679,7.050991058349666],[3.833126068115291,7.05534219741827],[3.836116075515747,7.054598808288631],[3.839549064636287,7.052694797515926],[3.856956958770809,7.058397769927979],[3.872654914856071,7.058359146118221],[3.880942106246948,7.05683422088623],[3.898056030273494,7.058619022369385],[3.906096935272217,7.056172847747746],[3.92234301567089,7.061433792114315],[3.932384967804012,7.068415164947567],[3.945122957229728,7.07096719741827],[3.957443952560425,7.076293945312614],[3.967792987823486,7.088112831115779],[3.981810092926082,7.098255157470703],[4.000572204589844,7.10208892822277],[4.009517192840519,7.103791236877555],[4.017245769500789,7.105264186859245],[4.028761863708439,7.103454113006649],[4.056999206543082,7.107816219329948],[4.066717147827148,7.109035968780518],[4.076237201690788,7.112564086914176],[4.077095985412598,7.112482070922852],[4.084998130798454,7.111722946167106],[4.093648910522461,7.118495941162166],[4.103394985199031,7.121560096740836],[4.111545085907096,7.12580585479742],[4.121308803558406,7.130022048950195],[4.130008220672721,7.139792919158936],[4.136106967926025,7.145686149597168],[4.143990993499756,7.147861003875676],[4.159129142761174,7.141604900360107],[4.167451858520621,7.12808179855358],[4.171823978424072,7.112780094146729],[4.172301769256535,7.099392890930176],[4.171166896820182,7.086259841919059],[4.172750949859676,7.070085048675594],[4.176959037780819,7.058939933776855],[4.194209098816032,7.054724216461182],[4.203763961792049,7.057577133178825],[4.203691005706787,7.056818008422852],[4.202630996704102,7.04830980300909],[4.201128959655762,7.040962219238338],[4.198475837707463,7.033864974975643],[4.196805000305176,7.030436992645264],[4.189242839813232,7.019274234771842],[4.183857917785701,7.014294147491512],[4.179080009460506,7.004239082336426],[4.174609184265137,6.998785018920955],[4.16894102096569,6.990583896636906],[4.161904811859131,6.983561992645321],[4.151316165924129,6.970605850219727],[4.146185874939022,6.967236995697135],[4.135476112365723,6.961196899414062],[4.124019145965576,6.95171403884882],[4.112360954284782,6.944076061248779],[4.10172700881958,6.942645072937069],[4.090885162353516,6.942599773407096],[4.081417083740291,6.94206619262701],[4.079655170440731,6.941674232483024],[4.067988872528133,6.939068794250545],[4.050953865051326,6.941199779510441],[4.0423460006715,6.936738014221305],[4.031271934509277,6.936694145202694],[4.029200077056885,6.936961174011344],[4.018211841583195,6.92793083190918],[3.998298883438224,6.923427104949951],[3.989635944366512,6.915510177612248],[3.965761899948177,6.908539772033691],[3.941354990005493,6.896973133087101],[3.930294990539494,6.89157676696783]]]]}},{"type":"Feature","properties":{"LGA":"Ijebu Ode","State":"Ogun","Country":"Nigeria","Region":"Ijebu"},"geometry":{"type":"MultiPolygon","coordinates":[[[[4.062806129455566,6.685496807098502],[3.903202056884766,6.687054157257194],[3.903834104538078,6.688158988952694],[3.906687021255493,6.693409919738826],[3.910265922546387,6.700722217559814],[3.912647008895988,6.705290794372672],[3.914354085922241,6.711022853851432],[3.917639017105103,6.714422225952262],[3.920012950897217,6.718531131744385],[3.922127962112484,6.721028804779166],[3.924521923065299,6.726288795471248],[3.928107023239193,6.734060764312744],[3.929826974868831,6.740482807159367],[3.931575059890804,6.748750209808463],[3.932995080947819,6.751029014587459],[3.933564901352042,6.757701873779411],[3.934166908264274,6.766447067260799],[3.935458898544368,6.774950981140194],[3.932643890380916,6.786290168762264],[3.928410053253231,6.795578956604118],[3.926652908325195,6.800908088684082],[3.921399116516113,6.804222106933594],[3.91635107994091,6.805920124053955],[3.910146951675529,6.807407855987663],[3.900022983551082,6.808961868286246],[3.894706010818595,6.808361053466854],[3.889389038085938,6.807528972625789],[3.884269952773991,6.804851055145321],[3.880999088287354,6.802372932434196],[3.87935996055603,6.800786972045955],[3.874200105667114,6.809860229492301],[3.874006986618156,6.812169075012207],[3.873853921890316,6.817009925842285],[3.874583005905208,6.819301128387508],[3.876041889190674,6.823885917663517],[3.880285978317374,6.829573154449577],[3.885217905044669,6.83502006530756],[3.888959884643555,6.838182926178035],[3.893655061721802,6.843172073364258],[3.896955013275203,6.847493171691951],[3.901474952697811,6.855941772460994],[3.90274000167858,6.862833976745605],[3.903774976730347,6.869729042053279],[3.904346942901668,6.876632213592586],[3.907028913498038,6.885572910308895],[3.905287981033325,6.892255783081055],[3.915198087692374,6.891426086425838],[3.92903208732605,6.89096117019659],[3.930294990539494,6.89157676696783],[3.930640935897941,6.890700817108154],[3.928287029266357,6.887747764587402],[3.927968025207633,6.882223129272518],[3.928999900817985,6.874832153320369],[3.933490037918205,6.867153167724723],[3.932960987091008,6.863014221191463],[3.936367988586539,6.859729766845817],[3.938186883926505,6.858087062835637],[3.943171977996826,6.852472782135067],[3.952085018158016,6.847251892089957],[3.956202030181942,6.845108985900936],[3.965116977691764,6.84011793136591],[3.96856594085699,6.839367866516227],[3.975343942642212,6.837195873260612],[3.978434085845947,6.836206912994385],[3.982331991195736,6.834757804870549],[3.982522964477539,6.832219123840389],[3.985898971557674,6.827093124389705],[3.985397100448722,6.824567794799805],[3.984219074249268,6.822975158691463],[3.982774019241333,6.819312095642147],[3.980895996093864,6.817269802093449],[3.977128982544059,6.812495231628418],[3.975722074508667,6.811137199401855],[3.971980094909782,6.807975769043082],[3.967538118362484,6.804362773895264],[3.961935997009334,6.800309181213436],[3.958893060684204,6.797595977783146],[3.955802917480469,6.791886806488151],[3.955490112304801,6.786825180053711],[3.953763008117619,6.779942035675163],[3.953197956085262,6.773499011993465],[3.954741001129207,6.769095897674617],[3.958141088485775,6.765350818634147],[3.959745883941764,6.764633178711051],[3.965014934539909,6.762469768524227],[3.968475103378296,6.762411117553711],[3.976308107376212,6.76181793212902],[3.982322931289673,6.762866973877067],[3.98901891708374,6.763213157653865],[3.994333982467651,6.763816833496151],[3.997354030609188,6.765148162841911],[4.003355026245231,6.765275955200309],[4.005592823028678,6.761088848114014],[4.003231048584041,6.757675170898438],[4.003645896911621,6.754903793335075],[4.003361225128231,6.751451015472526],[4.001467227935905,6.748487949371452],[3.998671054840202,6.746692180633659],[3.995162963867301,6.74375581741333],[3.992583036422786,6.741264820098934],[3.988631010055656,6.739256858825797],[3.985589027404842,6.736545085907039],[3.988346099853572,6.736036777496395],[3.991343975067252,6.735756874084473],[4.001893997192496,6.732120990753174],[4.007439136505184,6.732488155364933],[4.013668060302734,6.732611179351863],[4.016662120819035,6.732330799102897],[4.022883892059326,6.731996059417838],[4.028645992279053,6.731667995452881],[4.036694049835262,6.729917049408016],[4.038064002990779,6.729204177856559],[4.039890766143799,6.728021144866943],[4.040526866912842,6.724552154541016],[4.044346809387321,6.718266010284481],[4.044939994812012,6.712035179138184],[4.045131206512565,6.709729194641113],[4.047121047973746,6.704395771026725],[4.048181056976262,6.698617935180664],[4.047953128814754,6.698619842529297],[4.048161983490047,6.697464942932186],[4.054094791412467,6.693447113037053],[4.055490016937256,6.694114208221492],[4.058453083038387,6.691761970519963],[4.062990188598633,6.687074184417781],[4.062806129455566,6.685496807098502]]]]}},{"type":"Feature","properties":{"LGA":"Ikenne (Ikenne Remo)","State":"Ogun","Country":"Nigeria","Region":"Remo"},"geometry":{"type":"MultiPolygon","coordinates":[[[[3.734798908233699,6.903654098510856],[3.735820055007935,6.897229194641113],[3.73321795463562,6.893356800079289],[3.737417936325187,6.88199520111084],[3.736871004104614,6.876702785492],[3.732151031494141,6.870101928710994],[3.732381105422974,6.870098114013672],[3.730252981185913,6.866909027099666],[3.727102994918937,6.857514858245793],[3.723673105239982,6.845129966735954],[3.720741987228394,6.835042953491211],[3.712985992431754,6.826186180114803],[3.708951950073299,6.819342136383057],[3.706346988678035,6.816824913024959],[3.702699899673576,6.817834854126033],[3.693382978439388,6.826519012451229],[3.691381931305045,6.831161022186279],[3.685297012329215,6.840020179748649],[3.682429075241032,6.848132133483887],[3.676997900009212,6.85467720031744],[3.672486066818237,6.860974788665828],[3.664521932601929,6.867788791656494],[3.658154010772819,6.873429775238094],[3.651962041854915,6.875607013702449],[3.647389888763428,6.878218173980827],[3.644701004028263,6.883104801177922],[3.636759996414128,6.891303062439079],[3.631592988967896,6.899916172027645],[3.628056049347038,6.909423828125114],[3.621761083603019,6.919669151306209],[3.61705207824707,6.92804479598999],[3.613955020904541,6.936161041259822],[3.612222909927425,6.94310283660883],[3.609767913818416,6.948213100433406],[3.606692075729484,6.95770978927618],[3.605602025985718,6.95966815948492],[3.605803012847844,6.959799766540527],[3.6095290184021,6.962042808532829],[3.614190101623535,6.964958190917912],[3.615391016006583,6.968610763549862],[3.616375923156738,6.971603870391846],[3.618952989578304,6.974094867706413],[3.621767997741756,6.977042198181209],[3.62808799743658,6.982694149017448],[3.632291078567505,6.985850811004696],[3.633248090744075,6.9879088401795],[3.633265972137508,6.989059925079459],[3.633343935012931,6.993897914886418],[3.633583068847599,6.994353771209774],[3.630307912826538,6.999742031097469],[3.629762887954769,7.000639915466309],[3.634434938430843,7.004248142242488],[3.636537075042838,7.005825042724723],[3.640172004699821,7.008495807647705],[3.640935897827262,7.006903171539363],[3.646961927414054,6.994356155395621],[3.648978948593083,6.990636825561637],[3.651161909103394,6.982996940612793],[3.656388044357413,6.978069782257137],[3.661628007888908,6.974062919616699],[3.669115066528263,6.966331958770809],[3.67798304557806,6.958347797393799],[3.684808969497624,6.952469825744686],[3.690718889236507,6.947072982788143],[3.696621894836539,6.941212177276668],[3.700238943099919,6.93654203414917],[3.707520008087158,6.93042707443243],[3.713434934616146,6.925258159637565],[3.717725992202759,6.919654846191463],[3.726376056671199,6.912366867065487],[3.730909109115714,6.907451152801571],[3.733174085617179,6.90487813949585],[3.734798908233699,6.903654098510856]]]]}},{"type":"Feature","properties":{"LGA":"Imeko Afon","State":"Ogun","Country":"Nigeria","Region":"Yewa"},"geometry":{"type":"MultiPolygon","coordinates":[[[[2.799190998077393,7.426600933075008],[2.79968094825756,7.437972068786621],[2.798191070556697,7.482555866241512],[2.79292798042303,7.494520187377987],[2.788595914840698,7.497128963470573],[2.786029100418205,7.498676776885986],[2.775238037109489,7.510655879974479],[2.762577056884879,7.518611907958984],[2.762103080749569,7.518908977508545],[2.76174092292797,7.519085884094295],[2.760488986968994,7.519481182098389],[2.754766941070557,7.521283149719238],[2.749644994735775,7.527316093444767],[2.746129035949764,7.540167808532829],[2.746097087860107,7.540281772613469],[2.746457099914551,7.54180288314825],[2.747694015502987,7.547038078308162],[2.746108055114746,7.555774211883602],[2.736227989196834,7.565223217010555],[2.734744071960449,7.568953990936279],[2.734005928039494,7.570810794830379],[2.733346939087028,7.572465896606559],[2.730282068252563,7.580173969268856],[2.729012012481803,7.597198963165283],[2.728055000305289,7.610048770904541],[2.729012012481803,7.622911930084342],[2.725394964218253,7.647966861724854],[2.726289033889884,7.657187938690299],[2.730367898941097,7.699183940887508],[2.729116916656551,7.722890853881779],[2.727957010269279,7.744904994964656],[2.7324059009552,7.772227764129696],[2.729464054107609,7.792222976684513],[2.724668025970516,7.807624816894474],[2.72029900550848,7.81085395812994],[2.711318969726619,7.813175201416072],[2.709254026413078,7.817086219787654],[2.706300973892326,7.83271408081049],[2.70405101776123,7.837430953979549],[2.695760011672974,7.854794025421143],[2.669260025024528,7.888720989227295],[2.668431043624935,7.88978099822998],[2.671245098114071,7.891087055206356],[2.675815105438289,7.893206119537467],[2.678306102752686,7.897381782531681],[2.700829029083252,7.910929203033561],[2.708826065063477,7.920021057128906],[2.722379922866878,7.930171966552678],[2.738957881927547,7.941654205322266],[2.758074045181274,7.953094959259033],[2.764174938201904,7.959218978881779],[2.774682044983024,7.96642112731945],[2.792510986328125,7.969810962677116],[2.799913883209229,7.970605850219727],[2.831069946289119,7.969844818115178],[2.845715045928955,7.961750984191951],[2.861764907836914,7.954785823822021],[2.872188091278076,7.942614078521842],[2.881850957870427,7.92606878280651],[2.88840389251709,7.902887821197567],[2.889159917831421,7.878189086914006],[2.889224052429142,7.853504180908146],[2.887864112854004,7.826304912567082],[2.8908789157868,7.798567771911678],[2.895173072814998,7.778425216674805],[2.899962902069092,7.760579109192008],[2.91091704368597,7.738245964050407],[2.921102046966553,7.725613117217961],[2.934690952301082,7.723536014556885],[2.939085006713867,7.738227844238281],[2.943603992462272,7.760758876800594],[2.947213888168392,7.784226894378719],[2.948191881179923,7.801974773407039],[2.949753046035823,7.813022136688232],[2.955687999725399,7.823071002960319],[2.959084033966064,7.833165168762207],[2.966588973999023,7.84041881561285],[2.972822904586792,7.840541839599609],[2.988754034042415,7.840500831604004],[2.996083974838257,7.836915969848633],[3.002907037734985,7.830571174621639],[3.00990009307867,7.820301055908146],[3.011691093444824,7.802507877349854],[3.011255979537964,7.789826869964543],[3.010770082473869,7.784378051757812],[3.009284019470158,7.767713069915828],[3.009042978286743,7.752720832824764],[3.0058629512788,7.741701126098633],[3.003547906875667,7.726977825164795],[2.995451927185115,7.711657047271672],[2.992014884948844,7.699028968811092],[2.989299058914241,7.688000202179069],[2.988259077072257,7.680865764617977],[2.981663942337036,7.672675132751522],[2.980938911438045,7.656305789947623],[2.974303960800285,7.660111904144401],[2.966078996658325,7.651022911071777],[2.968420028686637,7.638757228851262],[2.969326972961539,7.623285770416373],[2.969127893447933,7.611061096191463],[2.974594116210881,7.592048168182373],[2.983412027359009,7.580362796783504],[2.986991882324162,7.573381900787354],[3.00432300567627,7.559937953949088],[3.00880408287054,7.551555156707821],[3.026849985122738,7.539482116699219],[3.038965940475521,7.531892776489258],[3.058032989502067,7.511726856231689],[3.062432050705013,7.498041152954158],[3.072736024856624,7.478487968444767],[3.07344388961792,7.472377777099723],[3.07456111907959,7.462769031524715],[3.087317943573055,7.452170848846379],[3.088274955749569,7.439925193786621],[3.11588907241827,7.405543804168644],[3.120863914489689,7.398999214172306],[3.121999025344962,7.397824764251709],[3.123250007629508,7.395500183105469],[3.121258020401001,7.395204067230168],[3.109735012054557,7.395860195159969],[3.094115972519035,7.400040149688778],[3.083286046981868,7.400684833526668],[3.068310022354183,7.401861190796012],[3.043786048889217,7.411723136901799],[3.030210971832275,7.414027214050236],[3.021254062652588,7.416483879089469],[3.012960910797233,7.417084217071647],[3.004662036895752,7.417455196380615],[3.000555038452148,7.418900012970028],[2.99571704864502,7.420602798461971],[2.987253904342651,7.425121784210262],[2.970829010009879,7.436462879180965],[2.954495906829891,7.439272880554256],[2.938824892044124,7.440230846405029],[2.928421020507926,7.438792228698844],[2.914474964141846,7.432346820831356],[2.900823116302433,7.429814815521183],[2.880975961685238,7.429228782653809],[2.869908094406242,7.429646015167236],[2.857474088668823,7.431008815765495],[2.846154928207454,7.430047035217285],[2.835531949996948,7.429306983947811],[2.824673891067505,7.428338050842285],[2.816557884216365,7.425710201263485],[2.806879043579158,7.426334857940788],[2.799190998077393,7.426600933075008]]]]}},{"type":"Feature","properties":{"LGA":"Ipokia","State":"Ogun","Country":"Nigeria","Region":"Yewa"},"geometry":{"type":"MultiPolygon","coordinates":[[[[2.787945985794124,6.751255035400391],[2.786293983459529,6.754580020904541],[2.778712987899894,6.759200096130371],[2.767158031463566,6.758093833923397],[2.762937068939209,6.757692813873348],[2.755224943161011,6.758595943451041],[2.751795053482056,6.759056091308651],[2.751178979873771,6.759446144104061],[2.744323968887386,6.76376914978033],[2.73919510841381,6.765315055847282],[2.732580900192318,6.77918815612793],[2.731353044509945,6.783323764801082],[2.729321956634635,6.790154933929557],[2.727972984313965,6.801654815673828],[2.729830980300903,6.808549880981559],[2.749243974685669,6.83930683135992],[2.744663000106812,6.847136020660514],[2.744112014770508,6.852944850921574],[2.743767023086605,6.856566905975342],[2.745803117752075,6.865159034729061],[2.750030994415283,6.864155769348258],[2.760123014450187,6.860529899597168],[2.769540071487484,6.858064174652213],[2.779668092727661,6.856741905212516],[2.787293910980225,6.857534885406551],[2.797753095626774,6.85962104797369],[2.797683000564575,6.85804986953741],[2.800342082977352,6.851322174072379],[2.80025410652172,6.845792770385799],[2.802172899246216,6.836083889007625],[2.80517411232006,6.821976184845084],[2.807281970977783,6.809730052948112],[2.807137012481746,6.80074596405035],[2.805397987365836,6.792940139770621],[2.803639888763485,6.78421592712408],[2.806909084320068,6.772409915924129],[2.804743051529044,6.766914844512939],[2.807765960693473,6.753960132598877],[2.811506032943782,6.742837905883789],[2.811841011047363,6.734998226165771],[2.810810089111442,6.728332996368522],[2.819875001907462,6.71827077865612],[2.830115079879874,6.709571838378849],[2.833894014358634,6.700750827789363],[2.840881109237671,6.690724849700871],[2.840558052063045,6.684970855712947],[2.841610908508301,6.678732872009334],[2.851608991622925,6.669346809387264],[2.857698917388916,6.660717964172363],[2.870022058487052,6.652444839477539],[2.880577087402344,6.649037837982235],[2.885196924209652,6.649421215057373],[2.896225929260197,6.646698951721191],[2.905693054199332,6.645155906677303],[2.906333923339844,6.643993854522705],[2.907649040222225,6.639824867248535],[2.909111976623592,6.630352973937988],[2.91252589225769,6.627530097961426],[2.912425994873104,6.621310234069938],[2.906301975250301,6.613578796386832],[2.898381948471183,6.608874797821045],[2.891634941101131,6.605302810668945],[2.88341498374939,6.596226215362663],[2.874371051788387,6.593383789062614],[2.86781907081604,6.587502956390381],[2.86428809165966,6.583183765411491],[2.859586000442505,6.577734947204704],[2.858108997345084,6.572000980377311],[2.857117891311702,6.567869186401367],[2.857081890106315,6.56556415557867],[2.857728958129826,6.562788009643668],[2.858164072036686,6.561168193817082],[2.861761093139705,6.555346965789852],[2.865099906921444,6.547916889190731],[2.867094039917049,6.542813777923641],[2.868648052215633,6.539101123809928],[2.870665073394889,6.535381793975944],[2.872425079345817,6.530051231384391],[2.874871969223022,6.524477958679199],[2.878468990326041,6.518657207489014],[2.880287885666007,6.517014026641959],[2.881076097488346,6.516146183013916],[2.881931066513175,6.511647224426383],[2.881653070449886,6.508652210235596],[2.881583929061946,6.504501819610596],[2.880594968795776,6.500364780426139],[2.88034200668335,6.498985767364559],[2.877069950103873,6.496503829956055],[2.8747239112854,6.494236946106014],[2.871697902679557,6.492672920227051],[2.86751294136053,6.490900039672852],[2.864721059799251,6.48956203460699],[2.861459970474243,6.487772941589469],[2.855611085891724,6.483027935028076],[2.852819919586182,6.481691837310848],[2.851416110992545,6.480562210083008],[2.84931397438055,6.478981971740836],[2.845107078552246,6.475825786590633],[2.842061996460018,6.473108768463192],[2.839493036270198,6.471305847168082],[2.835961103439331,6.466982841491813],[2.833611011505127,6.464485168457031],[2.830349922180176,6.462696075439453],[2.827090024948177,6.460906028747615],[2.824528932571411,6.459564208984375],[2.822678089141959,6.459365844726562],[2.819230079650879,6.460348129272518],[2.816718101501522,6.462005138397274],[2.814186096191349,6.462509155273551],[2.813069105148429,6.464836120605582],[2.808917045593205,6.465137004852352],[2.80502104759222,6.466818809509334],[2.800903081893978,6.469195842743034],[2.796108007430973,6.472506999969482],[2.793128967285213,6.473940849304199],[2.78828406333929,6.474024772644157],[2.786443948745784,6.474516868591422],[2.784816980361938,6.47385215759283],[2.783648014068604,6.472949028015137],[2.776272058486995,6.473768234252873],[2.773961067199764,6.473576068878231],[2.770718097686711,6.472939968109245],[2.767467975616398,6.471841812133846],[2.75984001159668,6.471279144287109],[2.756834030151424,6.470869064331168],[2.750113010406608,6.469368934631404],[2.747561931610221,6.46871900558483],[2.744096040725708,6.468547821045036],[2.740381002426147,6.467228889465446],[2.738070011138916,6.467037200927848],[2.734386920929012,6.467792034149227],[2.732556104660091,6.468743801117057],[2.728200912475643,6.47066593170166],[2.725676059722957,6.471632003784293],[2.720602035522518,6.471949100494442],[2.71785402297985,6.473495960235709],[2.718329906463566,6.476606845855713],[2.719300985336361,6.482933998107967],[2.719511032104606,6.488175868988094],[2.719777107238826,6.494887828826847],[2.720288038253784,6.507771968841666],[2.724709033966064,6.526391029357967],[2.729331016540527,6.534427165985221],[2.742933034896964,6.54542779922491],[2.750556945800838,6.557365894317684],[2.753123044967765,6.570466995239315],[2.744647026061955,6.583831787109489],[2.742686986923331,6.589445114135799],[2.735970973968506,6.608695030212402],[2.731427907943782,6.630785942077694],[2.752460002899227,6.665681838989315],[2.760765075683707,6.674167156219539],[2.769984006881714,6.679887771606445],[2.784898996353263,6.693273067474422],[2.78659009933483,6.694790840149039],[2.785979032516536,6.723308086395264],[2.789702892303467,6.738934040069694],[2.789498090744132,6.748132228851375],[2.787945985794124,6.751255035400391]]]]}},{"type":"Feature","properties":{"LGA":"Obafemi Owode (Owode ẹgba)","State":"Ogun","Country":"Nigeria","Region":"Egba"},"geometry":{"type":"MultiPolygon","coordinates":[[[[3.283209085464421,7.106636047363395],[3.284353017807064,7.110179901123161],[3.290739059448356,7.119748115539664],[3.295228958129996,7.12635517120367],[3.300312042236328,7.126958847045955],[3.302861928939876,7.126842975616512],[3.308150053024292,7.12659597396862],[3.316241025924683,7.127611160278377],[3.323862075805778,7.128173828125114],[3.330106973648185,7.129220008850098],[3.332871913910026,7.128942012786922],[3.333332061767578,7.128934860229606],[3.340029954910278,7.129510879516658],[3.344443082809505,7.131281852722225],[3.35304594039917,7.135511875152702],[3.354685068130493,7.136868000030518],[3.363059043884391,7.141102790832633],[3.363603115081901,7.141342163086051],[3.368633985519466,7.143544197082576],[3.373471975326652,7.143233776092529],[3.382303953170833,7.147229194641056],[3.386941909790096,7.14876317977911],[3.391792058944759,7.14914178848278],[3.397145032882634,7.152048110961971],[3.401824951171989,7.156116008758545],[3.404937982559318,7.163206100463924],[3.405639886856136,7.163768768310661],[3.406339883804378,7.164333820343018],[3.413023948669547,7.1639919281007],[3.419931888580265,7.16318321228033],[3.426583051681632,7.160765171051025],[3.432285070419368,7.156752109527588],[3.44082498550415,7.157067775726375],[3.451994895935059,7.148812770843506],[3.460021972656193,7.14591217041027],[3.464812994003353,7.14260721206665],[3.467154026031494,7.144639968872184],[3.467144966125602,7.144179821014404],[3.478023052215633,7.146299839019832],[3.484736919403133,7.14779901504528],[3.49357104301464,7.152027130126953],[3.500335931777954,7.156752109527588],[3.508220911026115,7.159383773803768],[3.516745090484619,7.158547878265381],[3.52335000038147,7.153367042541561],[3.535547971725578,7.151546001434326],[3.546144008636588,7.150674819946346],[3.560477018356323,7.152507781982536],[3.569010972976798,7.152363777160758],[3.585119009018001,7.150016784667969],[3.599683046340942,7.151842117309627],[3.613770008087215,7.152756214141789],[3.63294506072998,7.154503822326717],[3.654197931289787,7.156448841095028],[3.669192075729427,7.156425952911377],[3.685833930969238,7.158446788787785],[3.701993942260856,7.159097194671631],[3.708193063736019,7.157378196716422],[3.731476068496818,7.156293869018612],[3.749027967453117,7.157608985900993],[3.76498198509222,7.159872055053711],[3.774175882339478,7.158961772918701],[3.775509119033813,7.14768123626709],[3.778495073318538,7.132403850555534],[3.768556118011588,7.117348194122371],[3.757595062255916,7.110614776611328],[3.745862007141056,7.09881782531744],[3.733891963958854,7.08679389953619],[3.72653508186346,7.080572128295955],[3.722657918929997,7.077295780181885],[3.720185995101929,7.074429035186881],[3.71307206153881,7.073884963989371],[3.710057020187435,7.071538925170842],[3.705828905105591,7.06824779510498],[3.704849004745597,7.064806938171387],[3.701076984405631,7.059802055359],[3.697333097457943,7.056407928466911],[3.691507101059074,7.052821159362793],[3.685216903686637,7.049009799957275],[3.683816909790039,7.048371791839656],[3.680336952209416,7.046788215637264],[3.675460100174007,7.044797897338981],[3.669426918029899,7.042593955993652],[3.66222000122076,7.039261817932186],[3.654540061950627,7.035014152526969],[3.651052951812744,7.0332288742066],[3.646379947662354,7.029386997222957],[3.644738912582454,7.028035163879395],[3.643740892410335,7.023445129394588],[3.643465042114315,7.020685195922965],[3.643670082092399,7.019769191742],[3.644541025161857,7.015828132629395],[3.643098115921077,7.012166023254508],[3.642436981201286,7.011075973510685],[3.641438961028996,7.009428024292049],[3.640172004699821,7.008495807647705],[3.636537075042838,7.005825042724723],[3.634434938430843,7.004248142242488],[3.629762887954769,7.000639915466309],[3.630307912826538,6.999742031097469],[3.633583068847599,6.994353771209774],[3.633343935012931,6.993897914886418],[3.633265972137508,6.989059925079459],[3.633248090744075,6.9879088401795],[3.632291078567505,6.985850811004696],[3.62808799743658,6.982694149017448],[3.621767997741756,6.977042198181209],[3.618952989578304,6.974094867706413],[3.616375923156738,6.971603870391846],[3.615391016006583,6.968610763549862],[3.614190101623535,6.964958190917912],[3.6095290184021,6.962042808532829],[3.605803012847844,6.959799766540527],[3.605602025985718,6.95966815948492],[3.598340988159237,6.95485877990734],[3.594598054885864,6.951695919036865],[3.591094970703125,6.948989868164062],[3.588984966278076,6.946952819824276],[3.588407993316764,6.9460768699646],[3.587330102920646,6.944446086883602],[3.586190938949642,6.942564964294547],[3.585670948028564,6.941708087921086],[3.583730936050472,6.939911842346248],[3.580050945282039,6.936504840850944],[3.579102993011531,6.934906959533691],[3.579317092895508,6.933981895446891],[3.578814983368034,6.931455135345459],[3.579870939254874,6.9254469871521],[3.579816102981567,6.921991825103873],[3.580667972564811,6.917600154876766],[3.579922914505119,6.914385795593319],[3.579157114028931,6.909790992736873],[3.576638936996517,6.910985946655273],[3.572942018508911,6.910586833953801],[3.57017707824707,6.910864830017147],[3.566750049591008,6.912765979766959],[3.562155008316097,6.913996219634953],[3.555465936660767,6.914107799530143],[3.554543018341008,6.914124011993522],[3.553587913513297,6.912067890167293],[3.552371025085563,6.908171176910514],[3.550486087799129,6.905667781829948],[3.548563957214469,6.90109205245983],[3.545973062515316,6.897679805755615],[3.543164968490657,6.895191192627067],[3.538492918014526,6.891585826873893],[3.535911083221492,6.88886213302618],[3.531488895416373,6.886404991149902],[3.526146888732967,6.884190082550106],[3.522440910339469,6.883330821991024],[3.519633054733333,6.880844116210881],[3.514513969421387,6.878166198730582],[3.511948108673209,6.876366138458366],[3.509140014648494,6.873878955841178],[3.507718086242733,6.871600151062012],[3.507652044296208,6.86745214462286],[3.504604101181087,6.864509105682487],[3.501116991043205,6.862724781036434],[3.498841047287101,6.864606857299805],[3.495613098144588,6.86489200592041],[3.489449977874813,6.868913173675651],[3.486659049987793,6.86734676361084],[3.483169078827018,6.865561962127742],[3.479444980621395,6.863552093505973],[3.476841926574764,6.859449863433895],[3.476092100143433,6.856006145477409],[3.473505973815918,6.852824211120719],[3.474575042724723,6.847736835479736],[3.472219944000301,6.844780921936149],[3.468219995498657,6.84000921249401],[3.469295978546199,6.835152149200553],[3.467370033264217,6.830117225647086],[3.46551704406744,6.829687118530217],[3.460376024246216,6.825626850128231],[3.456854104995784,6.821769237518424],[3.455168008804378,6.817420005798397],[3.4530029296875,6.811927795410213],[3.45293402671814,6.807548999786377],[3.450730085372982,6.799752235412711],[3.449059963226432,6.796325206756649],[3.447628021240291,6.793353080749625],[3.44176888465887,6.787693023681641],[3.435448884964103,6.782039165496769],[3.433557033538875,6.779076099395866],[3.430721998214722,6.774975776672363],[3.429014921188468,6.769244194030819],[3.432037115097103,6.756518840789795],[3.427758932113761,6.748758792877254],[3.424191951751652,6.742136001586971],[3.420823097229061,6.733438968658447],[3.418401002884025,6.726335048675537],[3.415718078613395,6.71739578247076],[3.415642976760978,6.712787151336784],[3.416889905929622,6.704240798950309],[3.417007923126334,6.697326183319149],[3.417833089828605,6.691322803497428],[3.417778968811092,6.691105842590389],[3.414829015731925,6.690911769867],[3.413429975509757,6.69001388549799],[3.40972900390625,6.689384937286434],[3.405345916748161,6.689457893371696],[3.402584075927791,6.689735889434871],[3.398447036743278,6.690728187561035],[3.395932912826595,6.692153930664176],[3.393187046051025,6.693583011627254],[3.389991044998283,6.695710182189941],[3.387737035751456,6.698974132537785],[3.387301921844596,6.700595855712947],[3.383239984512329,6.706193923950195],[3.379354953765983,6.708333969116325],[3.376624107360954,6.710683822631836],[3.37324595451355,6.71580982208252],[3.370333909988403,6.721158981323185],[3.369486093521232,6.725782871246452],[3.368165969848633,6.729721069335994],[3.368426084518546,6.7315611839295],[3.368549108505249,6.739161968231201],[3.369584083557243,6.746057987213192],[3.370090007782039,6.748814105987663],[3.371562004089469,6.754318237304744],[3.37230300903326,6.757300853729362],[3.373044013977108,6.760284900665283],[3.374525070190373,6.766249179840202],[3.37529110908514,6.770845890045223],[3.37701606750494,6.777729034423942],[3.377768039703426,6.781403064727783],[3.379221916198674,6.785756111145133],[3.379750967025871,6.789895057678166],[3.37891697883606,6.795437812805233],[3.379468917846793,6.80095815658575],[3.381165981292838,6.806000232696476],[3.380338907241821,6.812005043029899],[3.379004001617545,6.815022945404166],[3.378122091293392,6.817573070526237],[3.377037048339957,6.821739196777344],[3.375735044479313,6.826828956604061],[3.375737905502376,6.827058792114371],[3.372792959213257,6.830336093902702],[3.36847901344305,6.834557056427116],[3.36670994758606,6.835799217224235],[3.362776041030884,6.838571071624813],[3.36074805259716,6.841599941253719],[3.35207295417797,6.847277164459229],[3.349600076675415,6.851237773895377],[3.344151020050106,6.856627941131649],[3.341424942016545,6.859208106994686],[3.338025093078727,6.862953186035156],[3.333697080612239,6.866252899169865],[3.329138040542716,6.869785785675163],[3.323472023010197,6.875873088836613],[3.318270921707153,6.882411956787223],[3.314214944839534,6.888241767883301],[3.30972695350647,6.896151065826473],[3.308820009231624,6.897087097167969],[3.305423974990958,6.901064872741756],[3.299781084060783,6.908762931823674],[3.2952659130097,6.914827823638916],[3.290508985519523,6.920211791992244],[3.287662982940674,6.929704189300594],[3.283910989761409,6.940139770507926],[3.277862071991024,6.951301097869987],[3.273665904998836,6.962893009185791],[3.272217035293579,6.973055839538574],[3.270533084869498,6.982989788055477],[3.270308971405143,6.983455181121769],[3.268999099731445,6.988087177276611],[3.270086050033683,6.998206138610897],[3.271580934524536,7.005093097686768],[3.274234056472778,7.012193202972526],[3.275774955749569,7.021842956542969],[3.277246952056998,7.027348995208854],[3.277549982070923,7.031721115112305],[3.278388977050895,7.040924072265625],[3.280112028121948,7.047576904296875],[3.282294988632259,7.054222106933537],[3.282612085342407,7.059516906738395],[3.284554004669246,7.065474987030086],[3.286711931228638,7.070507049560661],[3.286838054656982,7.07833814620966],[3.28738188743597,7.0833997726441],[3.28800010681158,7.093066215515137],[3.288070917129517,7.097442150115967],[3.287683010101432,7.102058887481689],[3.283373117446899,7.106507778167781],[3.283209085464421,7.106636047363395]]]]}},{"type":"Feature","properties":{"LGA":"Odeda","State":"Ogun","Country":"Nigeria","Region":"Egba"},"geometry":{"type":"MultiPolygon","coordinates":[[[[3.353393077850399,7.228521823883113],[3.351104974746818,7.229325771331787],[3.34292292594921,7.236837863922119],[3.338212013244629,7.245213985443115],[3.331847906112671,7.25108098983776],[3.327291965484733,7.254614830017204],[3.320240974426326,7.260725975036735],[3.315857887268066,7.260798931121826],[3.307615995407161,7.264625072479305],[3.297772884368896,7.269402027130184],[3.283111095428467,7.275640010833797],[3.280330896377563,7.274994850158691],[3.272943973541317,7.27466011047369],[3.264020919799862,7.279189109802303],[3.254601955413818,7.281652927398682],[3.246541976928654,7.282479763030949],[3.239604949951286,7.281445026397705],[3.231153964996452,7.286657810211182],[3.220900058746281,7.294436931610164],[3.214785099029598,7.301452159881705],[3.214097023010311,7.301692962646428],[3.207724094390983,7.307102203369141],[3.201139926910457,7.31366586685192],[3.196182966232413,7.32089281082159],[3.194427967071476,7.326451778411865],[3.187000036239681,7.337868213653621],[3.184146881103516,7.346901893615723],[3.183900117874259,7.347711086273137],[3.195904970169124,7.342121124267692],[3.212624073028621,7.333761215210075],[3.22877407073986,7.333024978637752],[3.247899055480957,7.33062219619751],[3.26203107833868,7.333612918853703],[3.278120040893612,7.329184055328369],[3.294374942779655,7.334905147552547],[3.306183099746704,7.337010860443172],[3.31391096115118,7.343800067901611],[3.31984901428234,7.354078769683952],[3.32785701751709,7.363863945007267],[3.332207918167171,7.376018047332764],[3.339380979538021,7.391352176666373],[3.351082086563167,7.401072978973446],[3.352714061737004,7.416501998901424],[3.354993104934749,7.428918838500977],[3.361730098724422,7.445878028869629],[3.366302013397217,7.457334995269775],[3.369499921798763,7.469505786895866],[3.373945951461792,7.473890781402531],[3.381227970123291,7.481072902679443],[3.386863946914673,7.486972808837891],[3.395739078521729,7.493284225463867],[3.406841039657536,7.494479179382438],[3.417243003845329,7.495223999023438],[3.425306081771907,7.494163990020695],[3.43768405914318,7.488646030426025],[3.445107936859131,7.476523876190242],[3.452239036560059,7.460483074188176],[3.458123922348022,7.438929080963135],[3.465879917144832,7.418725013733024],[3.478590011596737,7.405129909515381],[3.491677045822144,7.400520801544133],[3.508135080337638,7.404623985290527],[3.515038013458366,7.409563064575309],[3.521682024002075,7.414311885833854],[3.526432037353629,7.422537803649902],[3.541049957275391,7.427132129669246],[3.566298007965202,7.432240009307975],[3.580140113830623,7.431541919708309],[3.589848995208797,7.432299137115535],[3.602082967758292,7.432092189788875],[3.616430044174251,7.434152126312256],[3.633944988250846,7.432240009307975],[3.651952981948853,7.432161808013973],[3.666440963745174,7.428687095642147],[3.673247098922729,7.421187877655086],[3.679780960083121,7.411158084869442],[3.685343980789298,7.398143768310604],[3.687642097473258,7.383109092712459],[3.691689968109245,7.362044811248836],[3.692596912384147,7.346804141998291],[3.692815065383968,7.331574916839656],[3.692128896713314,7.317742824554557],[3.69057106971735,7.306925773620662],[3.697314023971501,7.295507907867545],[3.715189933776912,7.287360191345272],[3.722259998321533,7.281932830810547],[3.732119083404655,7.277612209320125],[3.74547910690319,7.275770187378043],[3.752196073532104,7.264260768890438],[3.755815029144287,7.258061885833797],[3.755482912063599,7.237535953521729],[3.75408506393444,7.222332000732536],[3.763525962829647,7.206484794616813],[3.771851062774658,7.178656101226807],[3.773680925369263,7.163169860839844],[3.774175882339478,7.158961772918701],[3.76498198509222,7.159872055053711],[3.749027967453117,7.157608985900993],[3.731476068496818,7.156293869018612],[3.708193063736019,7.157378196716422],[3.701993942260856,7.159097194671631],[3.685833930969238,7.158446788787785],[3.669192075729427,7.156425952911377],[3.654197931289787,7.156448841095028],[3.63294506072998,7.154503822326717],[3.613770008087215,7.152756214141789],[3.599683046340942,7.151842117309627],[3.585119009018001,7.150016784667969],[3.569010972976798,7.152363777160758],[3.560477018356323,7.152507781982536],[3.546144008636588,7.150674819946346],[3.535547971725578,7.151546001434326],[3.52335000038147,7.153367042541561],[3.516745090484619,7.158547878265381],[3.508220911026115,7.159383773803768],[3.500335931777954,7.156752109527588],[3.49357104301464,7.152027130126953],[3.484736919403133,7.14779901504528],[3.478023052215633,7.146299839019832],[3.467144966125602,7.144179821014404],[3.467154026031494,7.144639968872184],[3.464812994003353,7.14260721206665],[3.460021972656193,7.14591217041027],[3.451994895935059,7.148812770843506],[3.44082498550415,7.157067775726375],[3.432285070419368,7.156752109527588],[3.426583051681632,7.160765171051025],[3.419931888580265,7.16318321228033],[3.413023948669547,7.1639919281007],[3.406339883804378,7.164333820343018],[3.405639886856136,7.163768768310661],[3.405663013458309,7.165266990661621],[3.405050039291382,7.170116901397762],[3.401895046234188,7.174777030944881],[3.388982057571468,7.189283847808952],[3.387192964553947,7.192770957946834],[3.385165929794312,7.19579982757574],[3.384068012237663,7.199273109436035],[3.38161492347723,7.204616069793758],[3.376923084259147,7.213912010192871],[3.374170064926261,7.214880943298397],[3.370274066925106,7.216557979583854],[3.366605043411255,7.217772960662785],[3.361342906951904,7.220396995544434],[3.353857994079647,7.228357791900635],[3.353393077850399,7.228521823883113]]]]}},{"type":"Feature","properties":{"LGA":"Odogbolu","State":"Ogun","Country":"Nigeria","Region":"Ijebu"},"geometry":{"type":"MultiPolygon","coordinates":[[[[3.678684949874878,6.689241886138973],[3.681885004043693,6.700444221496639],[3.682521104812736,6.711263179779166],[3.684227943420467,6.716994762420711],[3.685473918914795,6.722733974456787],[3.682955980300903,6.738213062286434],[3.685554027557316,6.741856098175049],[3.681440114975032,6.758515834808463],[3.683326959610042,6.761017799377498],[3.684382915496883,6.769296169281063],[3.686603069305363,6.778245925903434],[3.689021110534668,6.785116195678711],[3.691689968109245,6.793136119842643],[3.694768905639592,6.798151969909668],[3.696428060531673,6.800889968872127],[3.698620080947876,6.80799579620367],[3.701436996459904,6.811174869537467],[3.704967975616455,6.815492153167781],[3.706346988678035,6.816824913024959],[3.708951950073299,6.819342136383057],[3.712985992431754,6.826186180114803],[3.720741987228394,6.835042953491211],[3.723673105239982,6.845129966735954],[3.727102994918937,6.857514858245793],[3.730252981185913,6.866909027099666],[3.732381105422974,6.870098114013672],[3.732151031494141,6.870101928710994],[3.736871004104614,6.876702785492],[3.737417936325187,6.88199520111084],[3.73321795463562,6.893356800079289],[3.735820055007935,6.897229194641113],[3.734798908233699,6.903654098510856],[3.734353065490723,6.906470775604362],[3.734890937805233,6.911071777343807],[3.737709999084586,6.914248943328857],[3.741259098053092,6.919716835022029],[3.743560075759945,6.924373149871826],[3.744784116745109,6.923806190490723],[3.751686096191406,6.922535896301383],[3.758790016174316,6.919651031494254],[3.768354892730713,6.912116050720215],[3.778135061264095,6.903422832489071],[3.786150932312069,6.8998317718507],[3.795809984207267,6.898056030273438],[3.807102918624935,6.897404193878288],[3.819072961807365,6.89581823348999],[3.83676099777233,6.891140937805176],[3.853624105453548,6.892697811126823],[3.865134000778255,6.891120910644645],[3.878309965133724,6.892741203308049],[3.892417907714787,6.895036220550651],[3.901375055313224,6.892581939697209],[3.905287981033325,6.892255783081055],[3.907028913498038,6.885572910308895],[3.904346942901668,6.876632213592586],[3.903774976730347,6.869729042053279],[3.90274000167858,6.862833976745605],[3.901474952697811,6.855941772460994],[3.896955013275203,6.847493171691951],[3.893655061721802,6.843172073364258],[3.888959884643555,6.838182926178035],[3.885217905044669,6.83502006530756],[3.880285978317374,6.829573154449577],[3.876041889190674,6.823885917663517],[3.874583005905208,6.819301128387508],[3.873853921890316,6.817009925842285],[3.874006986618156,6.812169075012207],[3.874200105667114,6.809860229492301],[3.87935996055603,6.800786972045955],[3.880999088287354,6.802372932434196],[3.884269952773991,6.804851055145321],[3.889389038085938,6.807528972625789],[3.894706010818595,6.808361053466854],[3.900022983551082,6.808961868286246],[3.910146951675529,6.807407855987663],[3.91635107994091,6.805920124053955],[3.921399116516113,6.804222106933594],[3.926652908325195,6.800908088684082],[3.928410053253231,6.795578956604118],[3.932643890380916,6.786290168762264],[3.935458898544368,6.774950981140194],[3.934166908264274,6.766447067260799],[3.933564901352042,6.757701873779411],[3.932995080947819,6.751029014587459],[3.931575059890804,6.748750209808463],[3.929826974868831,6.740482807159367],[3.928107023239193,6.734060764312744],[3.924521923065299,6.726288795471248],[3.922127962112484,6.721028804779166],[3.920012950897217,6.718531131744385],[3.917639017105103,6.714422225952262],[3.914354085922241,6.711022853851432],[3.912647008895988,6.705290794372672],[3.910265922546387,6.700722217559814],[3.906687021255493,6.693409919738826],[3.903834104538078,6.688158988952694],[3.903202056884766,6.687054157257194],[3.698661088943425,6.689045906067008],[3.678684949874878,6.689241886138973]]]]}},{"type":"Feature","properties":{"LGA":"Ogun Waterside (Abigi)","State":"Ogun","Country":"Nigeria","Region":"Ijebu"},"geometry":{"type":"MultiPolygon","coordinates":[[[[4.494027137756348,6.321953773498592],[4.494027137756348,6.322083950042838],[4.493471145629826,6.322083950042838],[4.493471145629826,6.322360038757381],[4.492083072662354,6.322360038757381],[4.492083072662354,6.322638034820557],[4.491527080535889,6.322638034820557],[4.491527080535889,6.322916030883846],[4.491249084472713,6.322916030883846],[4.491249084472713,6.323194026947021],[4.490694999694824,6.323194026947021],[4.490694999694824,6.323472023010311],[4.490139007568359,6.323472023010311],[4.490139007568359,6.323750019073486],[4.489861011505241,6.323750019073486],[4.489861011505241,6.324028015136776],[4.489583015441895,6.324028015136776],[4.489583015441895,6.324306011199951],[4.48902702331543,6.324306011199951],[4.48902702331543,6.324584960937557],[4.488472938537711,6.324584960937557],[4.488471031188965,6.32486009597784],[4.487916946411246,6.32486009597784],[4.487916946411246,6.325138092040959],[4.487638950347957,6.325138092040959],[4.487638950347957,6.325416088104305],[4.486528873443604,6.325416088104305],[4.486528873443604,6.325694084167424],[4.486250877380428,6.325694084167424],[4.486250877380428,6.325973033905086],[4.485972881317082,6.325973033905086],[4.485972881317082,6.326251029968375],[4.485138893127498,6.326251029968375],[4.485138893127498,6.325973033905086],[4.484860897064323,6.325973033905086],[4.484860897064323,6.326251029968375],[4.484304904937858,6.326251029968375],[4.484304904937858,6.326529026031551],[4.484028816223145,6.326529026031551],[4.484028816223145,6.32680702209467],[4.48347282409668,6.32680702209467],[4.48347282409668,6.327082157135123],[4.482916831970215,6.327082157135123],[4.482916831970215,6.327361106872559],[4.482638835907039,6.327361106872559],[4.482638835907039,6.327639102935905],[4.481807231903076,6.327639102935905],[4.481803894042969,6.327917098999023],[4.480972766876221,6.327917098999023],[4.480972766876221,6.32819509506237],[4.480415821075439,6.32819509506237],[4.480415821075439,6.328473091125488],[4.480137825012321,6.328473091125488],[4.480137825012321,6.328751087188834],[4.479859828948975,6.328751087188834],[4.479859828948975,6.329027175903377],[4.479581832885856,6.329027175903377],[4.479581832885856,6.329305171966553],[4.479028224945182,6.329305171966553],[4.479028224945182,6.329583168029842],[4.478194236755371,6.329583168029842],[4.478194236755371,6.329861164093018],[4.477359771728516,6.329861164093018],[4.477359771728516,6.330139160156364],[4.476806163787899,6.330139160156364],[4.476806163787899,6.330417156219482],[4.476250171661434,6.330417156219482],[4.476250171661434,6.330695152282829],[4.475694179534969,6.330695152282829],[4.475694179534969,6.330973148345947],[4.47514009475708,6.330973148345947],[4.475138187408447,6.331251144409293],[4.474862098693904,6.331251144409293],[4.474862098693904,6.331527233123836],[4.47430610656744,6.331527233123836],[4.47430610656744,6.331805229187012],[4.473750114440975,6.331805229187012],[4.473750114440975,6.332083225250301],[4.47319412231451,6.332083225250301],[4.47319412231451,6.332361221313477],[4.472916126251334,6.332361221313477],[4.472916126251334,6.332639217376766],[4.472084045410156,6.332639217376766],[4.472084045410156,6.332917213439941],[4.470972061157227,6.332917213439941],[4.470972061157227,6.333195209503231],[4.470416069030705,6.333195209503231],[4.470416069030705,6.333473205566406],[4.469861984253043,6.333473205566406],[4.469861984253043,6.333748817443904],[4.469305992126579,6.333751201629752],[4.469305992126579,6.334026813507023],[4.468749046325797,6.334026813507023],[4.468749046325797,6.334304809570369],[4.468193054199332,6.334304809570369],[4.468193054199332,6.334582805633545],[4.467361927032584,6.334582805633545],[4.467361927032584,6.334860801696834],[4.466526985168514,6.334860801696834],[4.466526985168514,6.33513879776001],[4.465973854064885,6.33513879776001],[4.465973854064885,6.335416793823299],[4.46541690826416,6.335416793823299],[4.46541690826416,6.335694789886475],[4.46458292007452,6.335694789886475],[4.46458292007452,6.335972785949764],[4.463748931884879,6.335972785949764],[4.463748931884879,6.336248874664363],[4.46319484710699,6.336248874664363],[4.46319484710699,6.336526870727653],[4.462638854980526,6.336526870727653],[4.462638854980526,6.336804866790828],[4.462360858917236,6.336804866790828],[4.462360858917236,6.337082862853947],[4.461804866790771,6.337082862853947],[4.461804866790771,6.337360858917293],[4.460694789886588,6.337360858917293],[4.460694789886588,6.337638854980412],[4.460138797760123,6.337638854980412],[4.460138797760123,6.337916851043758],[4.459582805633602,6.337916851043758],[4.459582805633602,6.338192939758301],[4.459304809570312,6.338192939758301],[4.459304809570312,6.338470935821647],[4.457639217376709,6.338470935821647],[4.457639217376709,6.338748931884766],[4.457083225250244,6.338748931884766],[4.457083225250244,6.339026927948112],[4.456807136535701,6.339026927948112],[4.456807136535701,6.339304924011287],[4.456251144409237,6.339304924011287],[4.456251144409237,6.339583873748893],[4.455417156219596,6.339583873748893],[4.455417156219596,6.339861869812012],[4.454860210418815,6.339861869812012],[4.454860210418815,6.340415000915641],[4.454307079315242,6.340417861938477],[4.454307079315242,6.34069299697876],[4.453472137451172,6.34069299697876],[4.453472137451172,6.340971946716365],[4.451528072357178,6.340971946716365],[4.451528072357178,6.341249942779541],[4.450972080230713,6.341249942779541],[4.450972080230713,6.34152793884283],[4.450694084167537,6.34152793884283],[4.450694084167537,6.341805934906006],[4.450138092041072,6.341805934906006],[4.450138092041072,6.342083930969352],[4.4487500190736,6.342083930969352],[4.4487500190736,6.342361927032471],[4.448472023010254,6.342361927032471],[4.448472023010254,6.342639923095817],[4.448194026947135,6.342639923095817],[4.448194026947135,6.343194007873478],[4.447916030883789,6.343194007873478],[4.447916030883789,6.343472003936824],[4.447361946106071,6.343472003936824],[4.447361946106071,6.343194007873478],[4.446249961853141,6.343194007873478],[4.446249961853141,6.343472003936824],[4.445417881011906,6.343472003936824],[4.44541597366333,6.34375],[4.444583892822322,6.34375],[4.444583892822322,6.344027996063289],[4.443749904632682,6.344027996063289],[4.443749904632682,6.344305992126465],[4.443471908569393,6.344305992126465],[4.443471908569393,6.344583988189754],[4.442917823791504,6.344583988189754],[4.442917823791504,6.34486198425293],[4.442361831665039,6.34486198425293],[4.442361831665039,6.345139980316219],[4.441527843475399,6.345139980316219],[4.441527843475399,6.345416069030819],[4.440692901611328,6.345416069030819],[4.440692901611328,6.345694065094108],[4.439860820770264,6.345694065094108],[4.439860820770264,6.345972061157283],[4.438470840454158,6.345972061157283],[4.438470840454158,6.346250057220402],[4.437917232513541,6.346250057220402],[4.437917232513541,6.346528053283748],[4.437639236450195,6.346528053283748],[4.437639236450195,6.346806049346867],[4.43680477142334,6.346806049346867],[4.43680477142334,6.347084045410213],[4.435973167419547,6.347084045410213],[4.435973167419547,6.347362041473389],[4.435417175293082,6.347362041473389],[4.435417175293082,6.347638130188102],[4.434861183166618,6.347638130188102],[4.434861183166618,6.347916126251221],[4.433473110198918,6.347916126251221],[4.433473110198918,6.348194122314567],[4.432639122009334,6.348194122314567],[4.432639122009334,6.348472118377742],[4.432083129882869,6.348472118377742],[4.432083129882869,6.348750114441032],[4.431527137756404,6.348750114441032],[4.431527137756404,6.349028110504207],[4.430973052978516,6.349028110504207],[4.430973052978516,6.349306106567496],[4.42958307266241,6.349306106567496],[4.42958307266241,6.349582195282096],[4.429028987884521,6.349582195282096],[4.429026126861629,6.349860191345215],[4.428472995758057,6.349860191345215],[4.428472995758057,6.350138187408561],[4.427917003631592,6.350138187408561],[4.427917003631592,6.35041618347168],[4.427360057830811,6.35041618347168],[4.427360057830811,6.350694179535026],[4.426528930664062,6.350694179535026],[4.426528930664062,6.350972175598145],[4.425693988800163,6.350972175598145],[4.425693988800163,6.351250171661491],[4.424305915832463,6.351250171661491],[4.424305915832463,6.351528167724609],[4.422915935516414,6.351528167724609],[4.422915935516414,6.351807117462272],[4.422361850738525,6.351807117462272],[4.422359943389949,6.352081775665283],[4.420693874359074,6.352081775665283],[4.420693874359074,6.352359771728629],[4.420137882232609,6.352359771728629],[4.420137882232609,6.352637767791748],[4.419305801391602,6.352637767791748],[4.419305801391602,6.352915763855094],[4.418471813201961,6.352915763855094],[4.418471813201961,6.353195190429744],[4.418193817138672,6.353195190429744],[4.418193817138672,6.35347318649292],[4.417640209197998,6.35347318649292],[4.417640209197998,6.353751182556209],[4.417362213134879,6.353751182556209],[4.417362213134879,6.354029178619385],[4.416528224945068,6.354029178619385],[4.416528224945068,6.354307174682674],[4.415972232818604,6.354307174682674],[4.41597414016735,6.354587078094596],[4.415418148040885,6.354582786560002],[4.415418148040885,6.354728221893311],[4.415418148040885,6.354860782623348],[4.415140151977539,6.354860782623348],[4.415140151977539,6.355138778686467],[4.415418148040885,6.355138778686467],[4.415418148040885,6.355416774749813],[4.415692806243896,6.355416774749813],[4.415692806243896,6.356529235839844],[4.41486215591442,6.356529235839844],[4.41486215591442,6.356250762939453],[4.41402721405035,6.356250762939453],[4.41402721405035,6.356529235839844],[4.413749217987174,6.356529235839844],[4.413749217987174,6.357082843780631],[4.413471221923828,6.357082843780631],[4.413471221923828,6.357916831970272],[4.413196086883602,6.357916831970272],[4.413196086883602,6.35819482803339],[4.412918090820426,6.35819482803339],[4.412918090820426,6.357916831970272],[4.412639141082821,6.357916831970272],[4.412639141082821,6.357638835907096],[4.412361145019474,6.357638835907096],[4.412361145019474,6.357082843780631],[4.412083148956356,6.357082843780631],[4.412083148956356,6.356529235839844],[4.41180515289301,6.356529235839844],[4.41180515289301,6.356250762939453],[4.409861087799072,6.356250762939453],[4.409861087799072,6.356804847717342],[4.409583091735897,6.356804847717342],[4.409583091735897,6.357082843780631],[4.409305095672607,6.357082843780631],[4.409305095672607,6.356804847717342],[4.408195018768424,6.356804847717342],[4.408195018768424,6.356529235839844],[4.407639026641959,6.356529235839844],[4.407639026641959,6.356686115265006],[4.407639026641959,6.356804847717342],[4.407361030578613,6.356804847717342],[4.407361030578613,6.357082843780631],[4.406805038452148,6.357082843780631],[4.406805038452148,6.357360839843807],[4.406528949737606,6.357360839843807],[4.406528949737606,6.357638835907096],[4.406805038452148,6.357638835907096],[4.406805038452148,6.35819482803339],[4.404860973358154,6.35819482803339],[4.404860973358154,6.357916831970272],[4.404582977295036,6.357916831970272],[4.404582977295036,6.357638835907096],[4.404028892517147,6.357638835907096],[4.404028892517147,6.357916831970272],[4.403750896453971,6.357916831970272],[4.403750896453971,6.35819482803339],[4.403194904327506,6.35819482803339],[4.403194904327506,6.358748912811279],[4.402916908264217,6.358748912811279],[4.402916908264217,6.359026908874625],[4.402638912201041,6.359026908874625],[4.402638912201041,6.35958290100109],[4.401803970336971,6.35958290100109],[4.401803970336971,6.359860897064209],[4.400972843170223,6.359860897064209],[4.400972843170223,6.360138893127555],[4.399581909179631,6.360138893127555],[4.399581909179631,6.359304904937744],[4.399306774139404,6.359304904937744],[4.399303913116512,6.35958290100109],[4.398749828338623,6.35958290100109],[4.398749828338623,6.359860897064209],[4.398471832275504,6.359860897064209],[4.398471832275504,6.360138893127555],[4.398193836212158,6.360138893127555],[4.398193836212158,6.360416889190731],[4.397362232208366,6.360416889190731],[4.397362232208366,6.36069488525402],[4.396805763244629,6.36069488525402],[4.396805763244629,6.360972881317196],[4.395137786865234,6.360972881317196],[4.395137786865234,6.361248970031738],[4.394584178924617,6.361248970031738],[4.394584178924617,6.361526966095084],[4.392916202545166,6.361526966095084],[4.392916202545166,6.361804962158203],[4.391806125640983,6.361804962158203],[4.391806125640983,6.362082958221549],[4.391528129577694,6.362082958221549],[4.391528129577694,6.362360954284668],[4.390694141388053,6.362360954284668],[4.390694141388053,6.362638950348014],[4.390416145324707,6.362638950348014],[4.390416145324707,6.362360954284668],[4.389028072357235,6.362360954284668],[4.389028072357235,6.362638950348014],[4.388750076293888,6.362638950348014],[4.388750076293888,6.362916946411133],[4.388193130493164,6.362916946411133],[4.388193130493164,6.363194942474479],[4.387639999389705,6.363194942474479],[4.387639999389705,6.362916946411133],[4.38708400726324,6.362916946411133],[4.38708400726324,6.362638950348014],[4.38624906539917,6.362638950348014],[4.38624906539917,6.362916946411133],[4.385416984558162,6.362916946411133],[4.385416984558162,6.363194942474479],[4.384860992431641,6.363194942474479],[4.384860992431641,6.363471031189022],[4.384027004242057,6.363472938537598],[4.384027004242057,6.363749027252197],[4.381248950958252,6.363749027252197],[4.381248950958252,6.364027023315487],[4.380416870117244,6.364027023315487],[4.380416870117244,6.365139007568473],[4.38069486618042,6.365139007568473],[4.38069486618042,6.365417957305908],[4.380972862243709,6.365417957305908],[4.380972862243709,6.367362022399846],[4.38069486618042,6.367362022399846],[4.38069486618042,6.368472099304199],[4.380416870117244,6.368472099304199],[4.380416870117244,6.36819410324108],[4.380138874053898,6.36819410324108],[4.380138874053898,6.367640018463192],[4.379026889801139,6.367640018463192],[4.379026889801139,6.367084026336727],[4.37874889373785,6.367084026336727],[4.37874889373785,6.366806030273551],[4.37847280502325,6.366806030273551],[4.37847280502325,6.366249084472599],[4.378194808959961,6.366249084472599],[4.378194808959961,6.365971088409481],[4.377916812896785,6.365971088409481],[4.377916812896785,6.365695953369197],[4.377638816833496,6.365695953369197],[4.377638816833496,6.365417957305908],[4.377082824707031,6.365417957305908],[4.377082824707031,6.365139007568473],[4.376666069030819,6.365139007568473],[4.374307155609245,6.365139007568473],[4.374307155609245,6.365417957305908],[4.373473167419434,6.365417957305908],[4.373473167419434,6.365695953369197],[4.372638225555534,6.365695953369197],[4.372638225555534,6.365971088409481],[4.371806144714299,6.365971088409481],[4.371806144714299,6.366249084472599],[4.371250152587834,6.366249084472599],[4.371250152587834,6.366527080535946],[4.369860172271785,6.366527080535946],[4.369860172271785,6.366806030273551],[4.369028091430721,6.366806030273551],[4.369028091430721,6.367084026336727],[4.367916107177791,6.367084026336727],[4.367916107177791,6.367362022399846],[4.367084026336784,6.367362022399846],[4.367084026336784,6.367640018463192],[4.366250038146973,6.367640018463192],[4.366250038146973,6.367915153503475],[4.365416049957332,6.367915153503475],[4.365416049957332,6.36819410324108],[4.364305973052979,6.36819410324108],[4.364305973052979,6.368472099304199],[4.362361907959041,6.368472099304199],[4.362361907959041,6.368750095367545],[4.361527919769401,6.368750095367545],[4.361527919769401,6.369028091430664],[4.36097097396862,6.369028091430664],[4.36097097396862,6.36930608749401],[4.359861850738582,6.36930608749401],[4.359861850738582,6.369584083557186],[4.359582901000977,6.369584083557186],[4.359582901000977,6.369862079620475],[4.359026908874455,6.369862079620475],[4.359026908874455,6.370278835296688],[4.359026908874455,6.370416164398193],[4.358736038208065,6.370416164398193],[4.358748912811336,6.372084140777588],[4.358194828033447,6.372084140777588],[4.358194828033447,6.372362136840934],[4.357916831970329,6.372362136840934],[4.357916831970329,6.372638225555477],[4.357638835906982,6.372638225555477],[4.357638835906982,6.372362136840934],[4.357360839843807,6.372362136840934],[4.357360839843807,6.372084140777588],[4.357082843780518,6.372084140777588],[4.357082843780518,6.371806144714469],[4.356804847717342,6.371806144714469],[4.356804847717342,6.371528148651123],[4.356526851654053,6.371528148651123],[4.356526851654053,6.371250152588004],[4.356248855590877,6.371250152588004],[4.356248855590877,6.370972156524658],[4.355138778686523,6.370972156524658],[4.355138778686523,6.370869159698486],[4.355138778686523,6.370694160461539],[4.352083206176871,6.370694160461539],[4.352083206176871,6.370972156524658],[4.351805210113525,6.370972156524658],[4.351805210113525,6.371250152588004],[4.350973129272518,6.371250152588004],[4.350967884063778,6.371502876281852],[4.350417137146053,6.371528148651123],[4.350417137146053,6.371806144714469],[4.348751068115178,6.371806144714469],[4.348751068115178,6.372084140777588],[4.347629070282096,6.372084140777588],[4.347639083862418,6.372362136840934],[4.34680700302124,6.372362136840934],[4.34680700302124,6.372638225555477],[4.343472003936881,6.372638225555477],[4.343472003936881,6.372916221618652],[4.342916011810416,6.372916221618652],[4.342916011810416,6.373194217681942],[4.342410087585563,6.373194217681942],[4.343082904815788,6.378313064575138],[4.342270851135311,6.385248184204158],[4.342800140380973,6.389389038085938],[4.343101024627742,6.39376783370983],[4.344776153564453,6.397429943084717],[4.346913814544791,6.401085853576717],[4.34699106216425,6.405929088592586],[4.348236083984489,6.41144514083868],[4.347846031189079,6.416063785553035],[4.347043991088981,6.42346286773693],[4.342555999755916,6.431612968444824],[4.338646888732967,6.432601928711051],[4.332940101623592,6.436622142791805],[4.328333854675293,6.437393188476506],[4.322092056274471,6.436807155609131],[4.31633186340332,6.437594890594482],[4.310084819793815,6.436779975891113],[4.303596019744873,6.435277938842773],[4.295485019683952,6.433338165283203],[4.292488098144588,6.433620929718018],[4.28814888000494,6.436462879180965],[4.284488201141414,6.438601016998348],[4.277565956115723,6.438949108123893],[4.273423194885311,6.439713001251278],[4.265135765075684,6.441237926483268],[4.260063171386776,6.441556930541992],[4.25753116607666,6.442059993743896],[4.25356912612915,6.439819812774658],[4.253338813781795,6.439824104309082],[4.250312805175838,6.438261032104606],[4.247044086456299,6.436008930206413],[4.243312835693359,6.433766841888541],[4.239369869232291,6.432679176330566],[4.236846923828239,6.433646202087459],[4.229941844940186,6.434916973114014],[4.228349208831844,6.436327934265137],[4.220365047454834,6.442461013793945],[4.211812973022575,6.456217765808105],[4.206282138824463,6.456774234771842],[4.201949119567814,6.460079193115291],[4.198258876800651,6.460372924804744],[4.191119194030875,6.461417198181152],[4.186294078826904,6.462882041931266],[4.178236961364803,6.464405059814453],[4.174811840057373,6.466771125793514],[4.166992187500057,6.468519210815487],[4.163101196289062,6.470661163330192],[4.159461975097656,6.473951816558895],[4.157642841339168,6.475830078125057],[4.155821800231934,6.477476119995174],[4.152177810669002,6.480536937713737],[4.151061058044434,6.482861042022705],[4.150874137878532,6.485634803772086],[4.148664951324463,6.491899967193547],[4.149668216705436,6.496727943420353],[4.151342868804932,6.500391960144157],[4.155127048492432,6.505862236023006],[4.157709121704158,6.508587837219295],[4.166561126709098,6.513511180877742],[4.169810771942196,6.514609813690242],[4.177011013031063,6.517255783080998],[4.181200027465934,6.519260883331299],[4.18329477310192,6.520378112792969],[4.188182830810547,6.522834777831974],[4.190979957580566,6.524401187896785],[4.196331024170036,6.527077198028621],[4.198421001434383,6.527732849121151],[4.202839851379508,6.529734134674072],[4.21100378036499,6.534901142120361],[4.214063167572021,6.538540840149039],[4.215491771698055,6.541285037994498],[4.217851161956844,6.544242858886719],[4.220890998840389,6.546730041503906],[4.221173763275203,6.549954891204777],[4.220529079437313,6.552965164184684],[4.220321178436393,6.554353237152156],[4.219876766204891,6.555512905120906],[4.218995094299316,6.558065891265926],[4.218790054321403,6.559683799743652],[4.219062805175838,6.562215805053825],[4.215909004211483,6.567115783691406],[4.21457576751709,6.570368766784782],[4.213216781616211,6.57200479507452],[4.211865901947078,6.574107170105037],[4.211307048797551,6.5747971534729],[4.221068859100399,6.576790809631461],[4.226480007171745,6.583151817321777],[4.23639822006237,6.583216190338248],[4.243309020996207,6.582636833190918],[4.250679969787598,6.581820964813232],[4.256237983703727,6.583339214324951],[4.262063980102653,6.586928844451961],[4.266146183013973,6.596765995025748],[4.275957107544002,6.604434967041016],[4.282723903656063,6.60915994644165],[4.2906689643861,6.615475177764949],[4.298808097839355,6.619485855102596],[4.304355144500846,6.620083808898926],[4.310558795928955,6.618595123291072],[4.316298007965088,6.616886138916072],[4.324820041656608,6.616049766540641],[4.327118873596135,6.615548133850211],[4.332168102264404,6.613852024078483],[4.334474086761418,6.613811016082707],[4.340684890747013,6.61278581619257],[4.347633838653564,6.61451101303112],[4.353137969970646,6.618168830871582],[4.354427814483643,6.609741210937557],[4.360478878021354,6.598333835601863],[4.369606971740836,6.591716766357479],[4.386932849884033,6.578042984008789],[4.398908138275146,6.575994014740047],[4.405601024627686,6.57588005065918],[4.420538902282658,6.571702003479004],[4.431351184844914,6.569211006164608],[4.444958209991569,6.568287849426326],[4.456953048706055,6.567619800567627],[4.4645290374757,6.564953804016113],[4.47168684005743,6.565062999725455],[4.479803085327262,6.567233085632381],[4.479810237884578,6.567693233489933],[4.484197139740047,6.567617893219051],[4.48832988739025,6.566164016723746],[4.494113922119141,6.566988945007324],[4.500215053558463,6.57311296463007],[4.506813049316406,6.577439785003719],[4.517014980316105,6.584129810333366],[4.526178836822623,6.594123840332145],[4.53023815155035,6.602361202240104],[4.533593177795467,6.609916210174561],[4.54369401931757,6.620817184448356],[4.559521198272762,6.628623962402401],[4.561964035034237,6.628715038299617],[4.572227001190299,6.629099845886344],[4.582642078399658,6.616464138031006],[4.585958957672233,6.607179164886531],[4.585741996765194,6.593802928924617],[4.586430072784481,6.579257011413631],[4.586352825164795,6.560108184814567],[4.582405090332088,6.544259071350098],[4.585608005523625,6.513751029968205],[4.590280055999756,6.502829074859733],[4.596021175384635,6.486583232879582],[4.59233283996582,6.472572803497428],[4.592319965362606,6.471880912780819],[4.584465980529785,6.457248210906982],[4.565252780914307,6.454116821289176],[4.558970928192252,6.451224803924561],[4.54504585266119,6.446616172790584],[4.532513141632194,6.428143978118896],[4.514557838440055,6.417147159576416],[4.506813049316406,6.417435169220084],[4.491714000701961,6.417996883392334],[4.475743770599365,6.415499210357723],[4.46357107162487,6.405097007751579],[4.454383850097656,6.393717765808162],[4.470201015472469,6.386758804321289],[4.494042873382625,6.390505790710563],[4.506813049316406,6.390703201293888],[4.515288829803467,6.39083385467535],[4.538663864135799,6.380053997039852],[4.55718898773199,6.369125843048153],[4.568630218505973,6.362702846527213],[4.572043895721549,6.345341205596924],[4.562626838684082,6.319664001464957],[4.558666229248104,6.317422866821403],[4.542009830474967,6.315402030944824],[4.518119812011776,6.322959899902344],[4.506813049316406,6.322487831115779],[4.495985031128043,6.322035789489746],[4.494027137756348,6.321953773498592]]]]}},{"type":"Feature","properties":{"LGA":"Remo North (Ilisan Remo)","State":"Ogun","Country":"Nigeria","Region":"Remo"},"geometry":{"type":"MultiPolygon","coordinates":[[[[3.734798908233699,6.903654098510856],[3.733174085617179,6.90487813949585],[3.730909109115714,6.907451152801571],[3.726376056671199,6.912366867065487],[3.717725992202759,6.919654846191463],[3.713434934616146,6.925258159637565],[3.707520008087158,6.93042707443243],[3.700238943099919,6.93654203414917],[3.696621894836539,6.941212177276668],[3.690718889236507,6.947072982788143],[3.684808969497624,6.952469825744686],[3.67798304557806,6.958347797393799],[3.669115066528263,6.966331958770809],[3.661628007888908,6.974062919616699],[3.656388044357413,6.978069782257137],[3.651161909103394,6.982996940612793],[3.648978948593083,6.990636825561637],[3.646961927414054,6.994356155395621],[3.640935897827262,7.006903171539363],[3.640172004699821,7.008495807647705],[3.641438961028996,7.009428024292049],[3.642436981201286,7.011075973510685],[3.643098115921077,7.012166023254508],[3.644541025161857,7.015828132629395],[3.643670082092399,7.019769191742],[3.643465042114315,7.020685195922965],[3.643740892410335,7.023445129394588],[3.644738912582454,7.028035163879395],[3.646379947662354,7.029386997222957],[3.651052951812744,7.0332288742066],[3.654540061950627,7.035014152526969],[3.66222000122076,7.039261817932186],[3.669426918029899,7.042593955993652],[3.675460100174007,7.044797897338981],[3.680336952209416,7.046788215637264],[3.683816909790039,7.048371791839656],[3.685216903686637,7.049009799957275],[3.691507101059074,7.052821159362793],[3.697333097457943,7.056407928466911],[3.701076984405631,7.059802055359],[3.704849004745597,7.064806938171387],[3.705828905105591,7.06824779510498],[3.710057020187435,7.071538925170842],[3.71307206153881,7.073884963989371],[3.720185995101929,7.074429035186881],[3.714423894882202,7.067747116088867],[3.709049940109253,7.049382209777775],[3.714979887008667,7.044898986816406],[3.726310014724675,7.045857906341666],[3.734885931015071,7.048018932342472],[3.751019954681453,7.046359062194881],[3.769531011581364,7.048813819885311],[3.782059907913151,7.049129009246826],[3.781569957733211,7.044381141662598],[3.783298969268913,7.03721094131464],[3.783602952957267,7.027526855468693],[3.783261060714779,7.020620822906551],[3.780626058578605,7.014675140380859],[3.777914047241325,7.003890037536621],[3.777055025100822,6.993535995483398],[3.773941040039176,6.98644590377819],[3.767819881439266,6.978716850280875],[3.765302896499691,6.965854167938346],[3.758938074111995,6.957437038421745],[3.754395008087272,6.947607040405273],[3.750355005264339,6.940070152282772],[3.747697114944572,6.932742118835563],[3.743560075759945,6.924373149871826],[3.741259098053092,6.919716835022029],[3.737709999084586,6.914248943328857],[3.734890937805233,6.911071777343807],[3.734353065490723,6.906470775604362],[3.734798908233699,6.903654098510856]]]]}},{"type":"Feature","properties":{"LGA":"Sagamu (Sagamu)","State":"Ogun","Country":"Nigeria","Region":"Remo"},"geometry":{"type":"MultiPolygon","coordinates":[[[[3.440932035446167,6.65013408660883],[3.435455083847103,6.654157161712646],[3.43317008018488,6.65534877777111],[3.429734945297241,6.657019138336182],[3.42588305473339,6.661231040954704],[3.421588897705021,6.66683483123785],[3.420476913452262,6.669387817382812],[3.418468952178955,6.673567771911678],[3.417404890060538,6.679114818573112],[3.415865898132324,6.68375110626215],[3.417778968811092,6.691105842590389],[3.417833089828605,6.691322803497428],[3.417007923126334,6.697326183319149],[3.416889905929622,6.704240798950309],[3.415642976760978,6.712787151336784],[3.415718078613395,6.71739578247076],[3.418401002884025,6.726335048675537],[3.420823097229061,6.733438968658447],[3.424191951751652,6.742136001586971],[3.427758932113761,6.748758792877254],[3.432037115097103,6.756518840789795],[3.429014921188468,6.769244194030819],[3.430721998214722,6.774975776672363],[3.433557033538875,6.779076099395866],[3.435448884964103,6.782039165496769],[3.44176888465887,6.787693023681641],[3.447628021240291,6.793353080749625],[3.449059963226432,6.796325206756649],[3.450730085372982,6.799752235412711],[3.45293402671814,6.807548999786377],[3.4530029296875,6.811927795410213],[3.455168008804378,6.817420005798397],[3.456854104995784,6.821769237518424],[3.460376024246216,6.825626850128231],[3.46551704406744,6.829687118530217],[3.467370033264217,6.830117225647086],[3.469295978546199,6.835152149200553],[3.468219995498657,6.84000921249401],[3.472219944000301,6.844780921936149],[3.474575042724723,6.847736835479736],[3.473505973815918,6.852824211120719],[3.476092100143433,6.856006145477409],[3.476841926574764,6.859449863433895],[3.479444980621395,6.863552093505973],[3.483169078827018,6.865561962127742],[3.486659049987793,6.86734676361084],[3.489449977874813,6.868913173675651],[3.495613098144588,6.86489200592041],[3.498841047287101,6.864606857299805],[3.501116991043205,6.862724781036434],[3.504604101181087,6.864509105682487],[3.507652044296208,6.86745214462286],[3.507718086242733,6.871600151062012],[3.509140014648494,6.873878955841178],[3.511948108673209,6.876366138458366],[3.514513969421387,6.878166198730582],[3.519633054733333,6.880844116210881],[3.522440910339469,6.883330821991024],[3.526146888732967,6.884190082550106],[3.531488895416373,6.886404991149902],[3.535911083221492,6.88886213302618],[3.538492918014526,6.891585826873893],[3.543164968490657,6.895191192627067],[3.545973062515316,6.897679805755615],[3.548563957214469,6.90109205245983],[3.550486087799129,6.905667781829948],[3.552371025085563,6.908171176910514],[3.553587913513297,6.912067890167293],[3.554543018341008,6.914124011993522],[3.555465936660767,6.914107799530143],[3.562155008316097,6.913996219634953],[3.566750049591008,6.912765979766959],[3.57017707824707,6.910864830017147],[3.572942018508911,6.910586833953801],[3.576638936996517,6.910985946655273],[3.579157114028931,6.909790992736873],[3.579922914505119,6.914385795593319],[3.580667972564811,6.917600154876766],[3.579816102981567,6.921991825103873],[3.579870939254874,6.9254469871521],[3.578814983368034,6.931455135345459],[3.579317092895508,6.933981895446891],[3.579102993011531,6.934906959533691],[3.580050945282039,6.936504840850944],[3.583730936050472,6.939911842346248],[3.585670948028564,6.941708087921086],[3.586190938949642,6.942564964294547],[3.587330102920646,6.944446086883602],[3.588407993316764,6.9460768699646],[3.588984966278076,6.946952819824276],[3.591094970703125,6.948989868164062],[3.594598054885864,6.951695919036865],[3.598340988159237,6.95485877990734],[3.605602025985718,6.95966815948492],[3.606692075729484,6.95770978927618],[3.609767913818416,6.948213100433406],[3.612222909927425,6.94310283660883],[3.613955020904541,6.936161041259822],[3.61705207824707,6.92804479598999],[3.621761083603019,6.919669151306209],[3.628056049347038,6.909423828125114],[3.631592988967896,6.899916172027645],[3.636759996414128,6.891303062439079],[3.644701004028263,6.883104801177922],[3.647389888763428,6.878218173980827],[3.651962041854915,6.875607013702449],[3.658154010772819,6.873429775238094],[3.664521932601929,6.867788791656494],[3.672486066818237,6.860974788665828],[3.676997900009212,6.85467720031744],[3.682429075241032,6.848132133483887],[3.685297012329215,6.840020179748649],[3.691381931305045,6.831161022186279],[3.693382978439388,6.826519012451229],[3.702699899673576,6.817834854126033],[3.706346988678035,6.816824913024959],[3.704967975616455,6.815492153167781],[3.701436996459904,6.811174869537467],[3.698620080947876,6.80799579620367],[3.696428060531673,6.800889968872127],[3.694768905639592,6.798151969909668],[3.691689968109245,6.793136119842643],[3.689021110534668,6.785116195678711],[3.686603069305363,6.778245925903434],[3.684382915496883,6.769296169281063],[3.683326959610042,6.761017799377498],[3.681440114975032,6.758515834808463],[3.685554027557316,6.741856098175049],[3.682955980300903,6.738213062286434],[3.685473918914795,6.722733974456787],[3.684227943420467,6.716994762420711],[3.682521104812736,6.711263179779166],[3.681885004043693,6.700444221496639],[3.678684949874878,6.689241886138973],[3.467789888381958,6.691295146942139],[3.463166952133236,6.691144943237362],[3.459927082061824,6.690506935119743],[3.46155405044567,6.691172122955436],[3.461555957794246,6.69140195846569],[3.461097955703792,6.691641807556152],[3.458548069000187,6.690993785858154],[3.456240892410335,6.691030979156551],[3.449253082275391,6.687229156494197],[3.445274114608708,6.683835983276367],[3.445734024047965,6.683828830719108],[3.444099903106633,6.68270301818859],[3.442001104354972,6.68135404586792],[3.43872594833374,6.678640842437801],[3.435427904129085,6.674545764923209],[3.434190988540649,6.669490814209041],[3.436193943023795,6.664841175079459],[3.436568021774349,6.65930080413824],[3.439707994461173,6.653709888458309],[3.44359207153326,6.651104927063102],[3.440932035446167,6.65013408660883]]]]}}]}